"taxid","species_name","accession_num","seq_name","seq_len"
"3363751","Shuja horei","KX347644","Shuja horei cytochrome b (cytb) gene, partial cds; mitochondrial","1141"
"3363610","Jabarichromis pfefferi","NA","NA","NA"
"3362876","Kihnichthys ufermanni","NA","NA","NA"
"3362043","Wallaceochromis rubrolabiatus","NA","NA","NA"
"3361905","Tropheops novemfasciatus","NA","NA","NA"
"3361592","Thorichthys panchovillai","PV078586","Thorichthys panchovillai isolate Tpan_FMNH_152716.2 cytochrome b (cytb) gene, partial cds; mitochondrial","784"
"3361526","Talamancaheros underwoodi","NA","NA","NA"
"3361249","Stigmatochromis pholidophorus","NA","NA","NA"
"3361248","Stigmatochromis macrorhynchos","NA","NA","NA"
"3360486","Rocio spinosissima","HM193439","Archocentrus spinosissimus isolate UTFTCB1 cytochrome b (cytb) gene, complete cds; mitochondrial","1137"
"3360106","Pseudotropheus interruptus","NA","NA","NA"
"3360104","Pseudotropheus fuscus","NA","NA","NA"
"3359846","Protomelas triaenodon","NA","NA","NA"
"3359514","Placidochromis trewavasae","NA","NA","NA"
"3359509","Placidochromis obscurus","NA","NA","NA"
"3359503","Placidochromis mbunoides","NA","NA","NA"
"3359497","Placidochromis hennydaviesae","NA","NA","NA"
"3359489","Placidochromis acutirostris","NA","NA","NA"
"3358660","Otopharynx tetraspilus","NA","NA","NA"
"3358657","Otopharynx selenurus","NA","NA","NA"
"3358655","Otopharynx panniculus","NA","NA","NA"
"3358653","Otopharynx decorus","NA","NA","NA"
"3357458","Melanochromis mpoto","NA","NA","NA"
"3357456","Melanochromis dialeptos","NA","NA","NA"
"3357396","Maylandia pulpican","NA","NA","NA"
"3357115","Lobochilotes labiata","EF679282","Lobochilotes labiatus isolate 303 cytochrome b (cytB) gene, complete cds; mitochondrial","1149"
"3357000","Lethrinops atrilabris","NA","NA","NA"
"3355987","Hemitaeniochromis brachyrhynchus","NA","NA","NA"
"3355774","Haplochromis degeni","NA","NA","NA"
"3355609","Greenwoodochromis staneri","NA","NA","NA"
"3355608","Greenwoodochromis abeelei","KX347652","Greenwoodochromis abeelei cytochrome b (cytb) gene, partial cds; mitochondrial","1132"
"3354084","Crenicara punctulata","NA","NA","NA"
"3353860","Coptodon imbrifernus","NA","NA","NA"
"3353859","Coptodon gutturosus","NA","NA","NA"
"3353858","Coptodon flavus","NA","NA","NA"
"3353857","Coptodon coffea","NA","NA","NA"
"3353512","Chindongo minutus","NA","NA","NA"
"3353510","Chindongo heteropictus","NA","NA","NA"
"3352475","Aulonocara stonemani","NA","NA","NA"
"3352472","Aulonocara gertrudae","NA","NA","NA"
"3351789","Alticorpus peterdaviesi","NA","NA","NA"
"3132026","Lufubuchromis relictus","NA","NA","NA"
"3075802","Diplotaxodon longimaxilla","NA","NA","NA"
"3075801","Cynotilapia zebroides","NA","NA","NA"
"3075800","Cynotilapia aurifrons","NA","NA","NA"
"3035823","Rubricatochromis lifalili","NC_086568","Rubricatochromis lifalili isolate F-H-l-1 mitochondrion, complete genome","16700"
"3035822","Rubricatochromis bimaculatus","AF370635","Hemichromis bimaculatus cytochrome b (cytb) gene, complete cds; mitochondrial gene for mitochondrial product","1138"
"3026021","Tahuantinsuyoa chipi","OP436068","Tahuantinsuyoa chipi isolate P15_09_41 cytochrome b (cytb) gene, partial cds; mitochondrial","1055"
"3026020","Bujurquina robusta","OP436214","Bujurquina robusta isolate P15_02_09 cytochrome b (cytb) gene, partial cds; mitochondrial","1055"
"3026019","Bujurquina moriorum","OP436187","Bujurquina moriorum isolate P18_10_type cytochrome b (cytb) gene, partial cds; mitochondrial","1051"
"3026018","Bujurquina labiosa","OP436075","Bujurquina labiosa isolate P15_04_27 cytochrome b (cytb) gene, partial cds; mitochondrial","868"
"3024885","Haplochromis oregosoma","NA","NA","NA"
"3024884","Haplochromis argens","NA","NA","NA"
"3024641","Haplochromis annectidens","NA","NA","NA"
"3024640","Haplochromis limax","NA","NA","NA"
"3002305","Mylochromis ensatus","NA","NA","NA"
"3002218","Stigmatochromis melanchros","NA","NA","NA"
"3002117","Petrotilapia microgalana","NA","NA","NA"
"3001729","Haplochromis antleter","NA","NA","NA"
"3001609","Labidochromis maculicauda","NA","NA","NA"
"3001389","Placidochromis elongatus","NA","NA","NA"
"3001388","Placidochromis boops","NA","NA","NA"
"3000954","Melanochromis baliodigma","NA","NA","NA"
"3000375","Haplochromis microdon","NA","NA","NA"
"3000199","Diplotaxodon ecclesi","NA","NA","NA"
"2999775","Bujurquina tambopatae","OP436213","Bujurquina tambopatae isolate P7_50 cytochrome b (cytb) gene, partial cds; mitochondrial","1051"
"2999773","Bujurquina megalospilus","OP436083","Bujurquina megalospilus isolate P15_08_56 cytochrome b (cytb) gene, partial cds; mitochondrial","1055"
"2983622","Geophagus parnaibae","OP547523","Geophagus parnaibae isolate C cytochrome b (CytB) gene, partial cds; mitochondrial","422"
"2983620","Geophagus neambi","OP547522","Geophagus neambi isolate B cytochrome b (CytB) gene, partial cds; mitochondrial","618"
"2965234","Hemichromis angolensis","NA","NA","NA"
"2962739","Tylochromis trewavasae","NA","NA","NA"
"2962738","Lamprologus tumbanus","OQ862833","Lamprologus tumbanus mitochondrion, complete genome","16586"
"2962737","Rubricatochromis cerasogaster","NA","NA","NA"
"2962736","Chromidotilapia mamonekenei","NA","NA","NA"
"2957226","Gymnogeophagus lacustris","MZ667507","Gymnogeophagus lacustris isolate 5177 cytochrome b (cytb) gene, partial cds; mitochondrial","771"
"2948619","Ptychochromis loisellei","NA","NA","NA"
"2948617","Paretroplus petiti","NA","NA","NA"
"2944963","Apistogramma commbrae","NA","NA","NA"
"2938789","Rocio gemmata","NA","NA","NA"
"2929786","Haplochromis simba","NA","NA","NA"
"2929785","Haplochromis dolorosus","NA","NA","NA"
"2929784","Haplochromis engystoma","NA","NA","NA"
"2929783","Haplochromis vicarius","NA","NA","NA"
"2926661","Pseudetroplus maculatus","AF370625","Etroplus maculatus cytochrome b (cytb) gene, complete cds; mitochondrial gene for mitochondrial product","1138"
"2910447","Protomelas labridens","NA","NA","NA"
"2910446","Protomelas kirkii","NA","NA","NA"
"2910445","Otopharynx ovatus","NA","NA","NA"
"2910444","Otopharynx auromarginatus","NA","NA","NA"
"2910443","Mylochromis formosus","NA","NA","NA"
"2910442","Melanochromis lepidiadaptes","NA","NA","NA"
"2910441","Lethrinops micrentodon","NA","NA","NA"
"2910440","Copadichromis verduyni","NA","NA","NA"
"2910439","Copadichromis melas","NA","NA","NA"
"2910438","Copadichromis atripinnis","NA","NA","NA"
"2910437","Buccochromis spectabilis","NA","NA","NA"
"2910436","Aulonocara saulosi","NA","NA","NA"
"2910435","Aulonocara ethelwynnae","NA","NA","NA"
"2904584","Petrotilapia chrysos","NA","NA","NA"
"2898554","Labeotropheus artatorostris","NA","NA","NA"
"2897418","Haplochromis fuelleborni","NA","NA","NA"
"2884491","Crenicichla ternetzi","NA","NA","NA"
"2884489","Crenicichla nickeriensis","MW554739","Crenicichla nickeriensis isolate C189 cytochrome b (cytb) gene, partial cds; mitochondrial","950"
"2884488","Crenicichla labrina","NA","NA","NA"
"2884487","Crenicichla isbrueckeri","MW554760","Crenicichla isbrueckeri isolate C226 cytochrome b (cytb) gene, partial cds; mitochondrial","1023"
"2884484","Crenicichla brasiliensis","MW554892","Crenicichla brasiliensis isolate DNA10 cytochrome b (cytb) gene, partial cds; mitochondrial","1108"
"2873762","Australoheros acaroides","NA","NA","NA"
"2873647","Heros notatus","NA","NA","NA"
"2867283","Crenicichla niederleinii","NA","NA","NA"
"2855657","Geophagus mirabilis","NA","NA","NA"
"2835316","Krobia itanyi","NA","NA","NA"
"2833481","Satanoperca rhynchitis","NA","NA","NA"
"2829702","Haplochromis kimondo","NA","NA","NA"
"2829701","Haplochromis rex","NA","NA","NA"
"2829700","Haplochromis quasimodo","NA","NA","NA"
"2829699","Haplochromis falcatus","NA","NA","NA"
"2829698","Haplochromis pardus","NA","NA","NA"
"2815923","Crenicichla gillmorlisi","NA","NA","NA"
"2815922","Crenicichla lucenai","NA","NA","NA"
"2815921","Crenicichla stocki","NA","NA","NA"
"2813639","Crenicara latruncularium","NA","NA","NA"
"2813638","Andinoacara blombergi","NA","NA","NA"
"2812811","Crenicichla inpa","NA","NA","NA"
"2812807","Apistogramma hippolytae","NA","NA","NA"
"2802246","Chuco microphthalmus","HQ424214","Vieja microphthalma cytochrome b (cytb) gene, partial cds; mitochondrial","1037"
"2802245","Amatitlania altoflava","NA","NA","NA"
"2785219","Ptychochromis insolitus","NA","NA","NA"
"2766849","Haplochromis crassilabris","NA","NA","NA"
"2766848","Haplochromis theliodon","NA","NA","NA"
"2766847","Haplochromis bicolor","NA","NA","NA"
"2766844","Haplochromis parvidens","NA","NA","NA"
"2766843","Haplochromis coprologus","NA","NA","NA"
"2766842","Haplochromis vanoijeni","NA","NA","NA"
"2766841","Haplochromis megalops","NA","NA","NA"
"2766840","Haplochromis prodromus","NA","NA","NA"
"2766839","Haplochromis perrieri","NA","NA","NA"
"2766838","Haplochromis chromogynos","NA","NA","NA"
"2766837","Haplochromis howesi","NA","NA","NA"
"2760995","Haplochromis vonlinnei","NA","NA","NA"
"2760994","Haplochromis paropius","NA","NA","NA"
"2760993","Abactochromis labrosus","NA","NA","NA"
"2760991","Haplochromis serranus","NA","NA","NA"
"2748571","Apistogramma feconat","NA","NA","NA"
"2748570","Apistogramma megastoma","NA","NA","NA"
"2742822","Pseudotropheus cyaneorhabdos","NA","NA","NA"
"2739704","Haplochromis lobatus","NA","NA","NA"
"2739703","Haplochromis erutus","NA","NA","NA"
"2739702","Haplochromis molossus","NA","NA","NA"
"2739701","Haplochromis planus","NA","NA","NA"
"2739700","Haplochromis gracilifur","NA","NA","NA"
"2739699","Haplochromis relictidens","NA","NA","NA"
"2739698","Haplochromis concilians","NA","NA","NA"
"2739697","Haplochromis serridens","NA","NA","NA"
"2739696","Haplochromis mentatus","NA","NA","NA"
"2739695","Haplochromis nigripinnis","NA","NA","NA"
"2739693","Haplochromis paradoxus","NA","NA","NA"
"2739692","Haplochromis labiatus","NA","NA","NA"
"2739691","Haplochromis schubotziellus","NA","NA","NA"
"2739690","Haplochromis mylodon","NA","NA","NA"
"2739687","Haplochromis schubotzi","NA","NA","NA"
"2739686","Haplochromis pappenheimi","NA","NA","NA"
"2739685","Haplochromis eduardianus","NA","NA","NA"
"2728977","Haplochromis cavifrons","NA","NA","NA"
"2696972","Geophagus winemilleri","NA","NA","NA"
"2691079","Crenicichla jaguarensis","NA","NA","NA"
"2652850","Thysochromis emili","NA","NA","NA"
"2652315","Aulonocara rostratum","NA","NA","NA"
"2652314","Aulonocara nyassae","NA","NA","NA"
"2652313","Aulonocara steveni","NA","NA","NA"
"2652312","Aulonocara koningsi","NA","NA","NA"
"2595012","Pseudocrenilabrus pyrrhocaudalis","NA","NA","NA"
"2591642","Gymnogeophagus australis","MK301454","Gymnogeophagus australis isolate 3 cytochrome b (cytb) gene, partial cds; mitochondrial","1011"
"2591641","Gymnogeophagus caaguazuensis","MK301452","Gymnogeophagus caaguazuensis isolate P16_08_12 cytochrome b (cytb) gene, partial cds; mitochondrial","1093"
"2591263","Xenotilapia nasus","NA","NA","NA"
"2591262","Trematocara stigmaticum","NA","NA","NA"
"2591261","Trematocara caparti","NA","NA","NA"
"2591259","Ptychochromis oligacanthus","AF370630","Ptychochromis oligocantus cytochrome b (cytb) gene, partial cds; mitochondrial gene for mitochondrial product","1138"
"2591258","Petrochromis horii","NA","NA","NA"
"2591256","Neolamprologus crassus","NA","NA","NA"
"2591255","Neolamprologus chitamwebwai","NA","NA","NA"
"2591254","Neolamprologus cancellatus","NA","NA","NA"
"2591253","Lepidiolamprologus kamambae","NA","NA","NA"
"2591252","Julidochromis marksmithi","NA","NA","NA"
"2591251","Heterotilapia buettikoferi","NC_023470","Heterotilapia buttikoferi mitochondrion, complete genome","16577"
"2591248","Apistogramma diplotaenia","NA","NA","NA"
"2570637","Oreochromis upembae","NA","NA","NA"
"2570636","Oreochromis salinicola","NA","NA","NA"
"2570635","Oreochromis rukwaensis","NA","NA","NA"
"2570634","Oreochromis angolensis","NA","NA","NA"
"2566093","Australoheros charrua","NA","NA","NA"
"2563736","Paretroplus lamenabe","MH767444","Paretroplus lamenabe isolate KMC14 cytochrome b (cytB) gene, partial cds; mitochondrial","481"
"2563733","Astronotus mikoljii","NA","NA","NA"
"2563007","Geophagus sveni","NA","NA","NA"
"2562573","Australoheros tavaresi","MK414368","Australoheros tavaresi voucher UFRJ 9840.2 cytochrome b (cytb) gene, partial cds; mitochondrial","1039"
"2562572","Australoheros saquarema","MK414414","Australoheros saquarema voucher UFRJ 10605.4 cytochrome b (cytb) gene, partial cds; mitochondrial","1039"
"2562571","Australoheros sanguineus","MK414418","Australoheros sanguineus voucher UFRJ 10502.4 cytochrome b (cytb) gene, partial cds; mitochondrial","1039"
"2562570","Australoheros robustus","MK414405","Australoheros robustus voucher UFRJ 7825.1 cytochrome b (cytb) gene, partial cds; mitochondrial","997"
"2562569","Australoheros ribeirae","MK414425","Australoheros ribeirae voucher UFRJ 10495.4 cytochrome b (cytb) gene, partial cds; mitochondrial","1039"
"2562568","Australoheros perdi","MK414390","Australoheros perdi voucher UFRJ 8506.1 cytochrome b (cytb) gene, partial cds; mitochondrial","1039"
"2562567","Australoheros paraibae","MK414408","Australoheros paraibae voucher UFRJ 7823.3 cytochrome b (cytb) gene, partial cds; mitochondrial","1039"
"2562566","Australoheros muriae","MK414394","Australoheros muriae voucher UFRJ 8393.4 cytochrome b (cytb) gene, partial cds; mitochondrial","1039"
"2562565","Australoheros mattosi","MK414373","Australoheros mattosi voucher UFRJ 9484.1 cytochrome b (cytb) gene, partial cds; mitochondrial","1039"
"2562564","Australoheros macaensis","MK414398","Australoheros macaensis voucher UFRJ 7567.2 cytochrome b (cytb) gene, partial cds; mitochondrial","1039"
"2562563","Australoheros macacuensis","MK414399","Australoheros macacuensis voucher UFRJ 10634.2 cytochrome b (cytb) gene, partial cds; mitochondrial","1005"
"2562562","Australoheros ipatinguensis","MK414396","Australoheros ipatinguensis voucher UFRJ 9853.2 cytochrome b (cytb) gene, partial cds; mitochondrial","1039"
"2562561","Australoheros barbosae","OM327760","Australoheros barbosae voucher LAGEEVO 4374 cytochrome b (cytb) gene, partial cds; mitochondrial","1039"
"2562560","Australoheros autrani","MK414412","Australoheros autrani voucher UFRJ 7564.3 cytochrome b (cytb) gene, partial cds; mitochondrial","1039"
"2527917","Orthochromis mporokoso","NA","NA","NA"
"2527916","Orthochromis katumbii","NA","NA","NA"
"2527915","Orthochromis indermauri","NA","NA","NA"
"2527914","Lamprologus symoensi","NA","NA","NA"
"2527913","Lamprologus markerti","OQ818000","Lamprologus markerti mitochondrion, complete genome","16582"
"2527912","Haplochromis vanheusdeni","NA","NA","NA"
"2527911","Chetia welwitschi","NA","NA","NA"
"2491315","Gymnogeophagus lipokarenos","MH189516","Gymnogeophagus lipokarenos isolate G14 cytochrome b (cytb) gene, partial cds; mitochondrial","1083"
"2491314","Gymnogeophagus constellatus","MH189530","Gymnogeophagus constellatus isolate G28 cytochrome b (cytb) gene, partial cds; mitochondrial","1029"
"2491313","Gymnogeophagus che","MH189562","Gymnogeophagus che isolate Ge336 cytochrome b (cytb) gene, partial cds; mitochondrial","1024"
"2486989","Oreochromis korogwe","NA","NA","NA"
"2486988","Oreochromis hunteri","NA","NA","NA"
"2485722","Rubricatochromis stellifer","NA","NA","NA"
"2478854","Apistogramma resticulosa","NA","NA","NA"
"2478853","Apistogramma pulchra","NA","NA","NA"
"2478852","Apistogramma pertensis","NA","NA","NA"
"2478851","Aequidens pallidus","NA","NA","NA"
"2478850","Aequidens epae","NA","NA","NA"
"2421124","Hemichromis camerounensis","NA","NA","NA"
"2341046","Geophagus santosi","NA","NA","NA"
"2341045","Geophagus rufomarginatus","NA","NA","NA"
"2341044","Geophagus multiocellus","NA","NA","NA"
"2305434","Naevochromis chrysogaster","NA","NA","NA"
"2305433","Caprichromis liemi","NA","NA","NA"
"2305432","Hemitaeniochromis urotaenia","NA","NA","NA"
"2305428","Mylochromis melanonotus","NA","NA","NA"
"2305427","Placidochromis phenochilus","NA","NA","NA"
"2305426","Otopharynx tetrastigma","NA","NA","NA"
"2305425","Mylochromis plagiotaenia","NA","NA","NA"
"2305424","Lethrinops marginatus","NA","NA","NA"
"2305423","Copadichromis azureus","NA","NA","NA"
"2305422","Champsochromis caeruleus","NA","NA","NA"
"2305421","Buccochromis rhoadesii","NA","NA","NA"
"2305420","Aulonocara maylandi","NA","NA","NA"
"2302651","Chocoheros microlepis","NA","NA","NA"
"2302646","Cincelichthys bocourti","EF436463","Cichlasoma bocourti isolate 041510-8 cytochrome b (cytb) gene, complete cds; mitochondrial","1137"
"2302645","Australoheros minuano","NA","NA","NA"
"2302644","Amatitlania kanna","NA","NA","NA"
"2283116","Apistogramma norberti","NA","NA","NA"
"2283115","Apistogramma martini","NA","NA","NA"
"2126561","Hemibates koningsi","NA","NA","NA"
"2099951","Panamius panamensis","NA","NA","NA"
"2099948","Isthmoheros tuyrensis","NA","NA","NA"
"2099945","Geophagus pellegrini","NA","NA","NA"
"2099944","Geophagus crassilabris","NA","NA","NA"
"2081656","Gymnogeophagus taroba","MH189559","Gymnogeophagus taroba isolate Ge333 cytochrome b (cytb) gene, partial cds; mitochondrial","1024"
"2058468","Crenicichla tuca","KY356629","Crenicichla tuca isolate C365 cytochrome b (cytb) gene, partial cds; mitochondrial","734"
"2058467","Crenicichla tingui","NA","NA","NA"
"2058466","Crenicichla tapii","MW554870","Crenicichla tapii isolate C468 cytochrome b (cytb) gene, partial cds; mitochondrial","719"
"2058465","Crenicichla taikyra","NA","NA","NA"
"2058460","Crenicichla semicincta","NA","NA","NA"
"2058459","Crenicichla lucius","NA","NA","NA"
"2058458","Crenicichla jurubi","MW554890","Crenicichla jurubi isolate C551 cytochrome b (cytb) gene, partial cds; mitochondrial","730"
"2058457","Crenicichla cyclostoma","NA","NA","NA"
"2058448","Crenicichla anthurus","NA","NA","NA"
"2056491","Danakilia franchettii","NA","NA","NA"
"2032717","Cichlasoma sanctifranciscense","NA","NA","NA"
"2023897","Apistogramma ortmanni","NA","NA","NA"
"2023896","Crenicichla iguapina","NA","NA","NA"
"2023884","Gymnogeophagus tiraparae","NA","NA","NA"
"2023883","Crenicichla percna","NA","NA","NA"
"2023882","Crenicichla maculata","NA","NA","NA"
"2023881","Crenicichla jegui","NA","NA","NA"
"2023880","Crenicichla cincta","NA","NA","NA"
"2023879","Crenicichla albopunctata","NA","NA","NA"
"2022011","Lamprologus lethops","NA","NA","NA"
"2021276","Chortiheros wesseli","NA","NA","NA"
"2021274","Teleocichla preta","NA","NA","NA"
"2021273","Mesoheros gephyrus","NA","NA","NA"
"2021272","Mazarunia pala","NA","NA","NA"
"2021271","Mazarunia charadrica","NA","NA","NA"
"2021269","Krobia xinguensis","NA","NA","NA"
"2021268","Krobia petitella","NA","NA","NA"
"2021266","Guianacara dacrya","NA","NA","NA"
"2021265","Crenicichla zebrina","NA","NA","NA"
"2021264","Crenicichla wallacii","NA","NA","NA"
"2021262","Apistogramma steindachneri","NA","NA","NA"
"2021261","Apistogramma panduro","NA","NA","NA"
"1982068","Trematocara zebra","NA","NA","NA"
"1978005","Mylochromis sphaerodon","NA","NA","NA"
"1978002","Copadichromis likomae","NA","NA","NA"
"1934931","Kronoheros umbrifer","NA","NA","NA"
"1927406","Iranocichla persa","NA","NA","NA"
"1924958","Haplochromis kamiranzovu","NA","NA","NA"
"1905563","Danakilia dinicolai","NA","NA","NA"
"1905361","Melanochromis loriae","NA","NA","NA"
"1905360","Ctenopharynx nitidus","NA","NA","NA"
"1904028","Apistogramma playayacu","NA","NA","NA"
"1904018","Apistogramma paulmuelleri","NA","NA","NA"
"1904017","Apistogramma wolli","NA","NA","NA"
"1904016","Apistogramma pantalone","NA","NA","NA"
"1904013","Apistogramma moae","NA","NA","NA"
"1904012","Apistogramma luelingi","NA","NA","NA"
"1904011","Apistogramma juruensis","NA","NA","NA"
"1904010","Apistogramma atahualpa","NA","NA","NA"
"1904009","Apistogramma allpahuayo","NA","NA","NA"
"1897418","Bujurquina oenolaemus","NA","NA","NA"
"1897146","Bujurquina zamorensis","NA","NA","NA"
"1897145","Apistogramma linkei","NA","NA","NA"
"1830337","Herichthys tepehua","NA","NA","NA"
"1830336","Herichthys pame","NA","NA","NA"
"1818572","Eretmodus marksmithi","NA","NA","NA"
"1811344","Tangachromis dhanisi","NA","NA","NA"
"1811340","Trematocara kufferathi","NA","NA","NA"
"1776355","Apistogramma gephyra","NA","NA","NA"
"1767049","Ptychochromis mainty","NA","NA","NA"
"1758169","Pterophyllum altum","NA","NA","NA"
"1758131","Retroculus lapidifer","NA","NA","NA"
"1758129","Bujurquina mariae","NA","NA","NA"
"1732171","Placidochromis longimanus","NA","NA","NA"
"1725324","Rondonacara hoehnei","NA","NA","NA"
"1725323","Laetacara fulvipinnis","NA","NA","NA"
"1725322","Laetacara flamannellus","NA","NA","NA"
"1725321","Laetacara araguaiae","NA","NA","NA"
"1725217","Geophagus obscurus","NA","NA","NA"
"1725216","Geophagus itapicuruensis","NA","NA","NA"
"1725215","Geophagus diamantinensis","NA","NA","NA"
"1707823","Melanochromis kaskazini","NA","NA","NA"
"1696849","Guianacara geayi","NA","NA","NA"
"1676928","Pelmatochromis ocellifer","NA","NA","NA"
"1652533","Sarotherodon lamprechti","NA","NA","NA"
"1652532","Sarotherodon knauerae","NA","NA","NA"
"1652530","Oreochromis karomo","NA","NA","NA"
"1652529","Coptodon thysi","NA","NA","NA"
"1652528","Coptodon spongotroktis","NA","NA","NA"
"1652524","Coptodon kottae","NA","NA","NA"
"1652521","Coptodon fusiforme","NA","NA","NA"
"1652519","Coptodon ejagham","NA","NA","NA"
"1652518","Coptodon bythobates","NA","NA","NA"
"1649848","Pseudosimochromis margaretae","NA","NA","NA"
"1628151","Coptodon camerunensis","NA","NA","NA"
"1607855","Teleogramma obamaorum","KP714194","Teleogramma sp. SEA-2015 voucher 223886 Ptr (Ptr) gene, partial cds","737"
"1607854","Teleogramma monogramma","KP714188","Teleogramma monogramma voucher 6024 Ptr (Ptr) gene, partial cds","737"
"1591299","Oreochromis lepidurus","NA","NA","NA"
"1574382","Apistogramma eunotus","NA","NA","NA"
"1574379","Apistogramma cacatuoides","NA","NA","NA"
"1574375","Apistogramma barlowi","NA","NA","NA"
"1574374","Apistogramma eremnopyge","NA","NA","NA"
"1574373","Apistogramma nijsseni","NA","NA","NA"
"1574372","Apistogramma baenschi","NA","NA","NA"
"1574370","Apistogramma cinilabra","NA","NA","NA"
"1574369","Apistogramma rositae","NA","NA","NA"
"1543271","Parananochromis ornatus","KJ816605","Parananochromis ornatus isolate CICH45 Ptr (Ptr) gene, partial cds","688"
"1543270","Parananochromis longirostris","KJ816608","Parananochromis longirostris isolate CICH65 Ptr (Ptr) gene, partial cds","688"
"1543269","Parananochromis brevirostris","KJ816604","Parananochromis brevirostris isolate CICH44 Ptr (Ptr) gene, partial cds","688"
"1543268","Parananochromis axelrodi","KJ816609","Parananochromis axelrodi isolate CICH66 Ptr (Ptr) gene, partial cds","688"
"1543266","Divandu albimarginatus","KJ816614","Divandu albimarginatus isolate CICH82 Ptr (Ptr) gene, partial cds","688"
"1543261","Pelvicachromis subocellatus","KJ816621","Pelvicachromis subocellatus isolate subocellat Ptr (Ptr) gene, partial cds","688"
"1543258","Pelvicachromis roloffi","KJ816603","Pelvicachromis roloffi isolate CICH36 Ptr (Ptr) gene, partial cds","688"
"1543257","Congochromis squamiceps","KJ816636","Congochromis squamiceps isolate C09743 Ptr (Ptr) gene, partial cds","688"
"1543252","Chromidotilapia schoutedeni","KJ816615","Chromidotilapia schoutedeni isolate CICH84 Ptr (Ptr) gene, partial cds","688"
"1543251","Chromidotilapia regani","KJ816592","Chromidotilapia regani isolate CICH13 Ptr (Ptr) gene, partial cds","688"
"1543250","Chromidotilapia melaniae","KJ816594","Chromidotilapia melaniae isolate CICH17 Ptr (Ptr) gene, partial cds","688"
"1543249","Chromidotilapia kingsleyae","KP714196","Chromidotilapia kingsleyae voucher 227313 Ptr (Ptr) gene, partial cds","737"
"1543248","Chromidotilapia elongata","KJ816593","Chromidotilapia elongata isolate CICH16 Ptr (Ptr) gene, partial cds","688"
"1537670","Amatitlania siquia","NA","NA","NA"
"1537669","Amatitlania coatepeque","NA","NA","NA"
"1514675","Pelvicachromis kribensis","NA","NA","NA"
"1514673","Chromidotilapia linkei","KJ816616","Chromidotilapia linkei isolate CICH88 Ptr (Ptr) gene, partial cds","688"
"1514672","Benitochromis riomuniensis","NA","NA","NA"
"1514671","Benitochromis nigrodorsalis","NA","NA","NA"
"1514670","Benitochromis finleyi","NA","NA","NA"
"1514669","Benitochromis conjunctus","NA","NA","NA"
"1506565","Chalinochromis cyanophleps","NA","NA","NA"
"1497101","Lethrinops lethrinus","NA","NA","NA"
"1492750","Neolamprologus timidus","NA","NA","NA"
"1452741","Trematocara variabile","NA","NA","NA"
"1448877","Oreochromis squamipinnis","NA","NA","NA"
"1448876","Oreochromis shiranus","NA","NA","NA"
"1448875","Oreochromis chungruruensis","NA","NA","NA"
"1434124","Cichlasoma orientale","NA","NA","NA"
"1410464","Pterophyllum leopoldi","KF557083","Pterophyllum leopoldi hypothetical protein (ptr) gene, partial cds","642"
"1410462","Orthochromis luongoensis","KF557041","Orthochromis luongoensis hypothetical protein (ptr) gene, partial cds","579"
"1410461","Mesonauta mirificus","KF557078","Mesonauta mirificus hypothetical protein (ptr) gene, partial cds","579"
"1410458","Geophagus iporangensis","KF557072","Geophagus iporangensis hypothetical protein (ptr) gene, partial cds","642"
"1410457","Chetia mola","KF557019","Chetia mola hypothetical protein (ptr) gene, partial cds","558"
"1410456","Biotoecus opercularis","KF557065","Biotoecus opercularis hypothetical protein (ptr) gene, partial cds","642"
"1410455","Benitochromis batesii","KJ816588","Benitochromis batesii isolate BatgF Ptr (Ptr) gene, partial cds","688"
"1355922","Cyphotilapia gibberosa","NA","NA","NA"
"1315705","Coptodon deckerti","NA","NA","NA"
"1301021","Paraneetroplus nebulifer","NA","NA","NA"
"1300322","Lethrinops albus","NA","NA","NA"
"1298789","Placidochromis electra","NA","NA","NA"
"1298786","Petrotilapia genalutea","NA","NA","NA"
"1298779","Labidochromis pallidus","NA","NA","NA"
"1298778","Labidochromis mylodon","NA","NA","NA"
"1298775","Mylochromis epichorialis","NA","NA","NA"
"1280522","Dicrossus filamentosus","KF557071","Dicrossus filamentosus hypothetical protein (ptr) gene, partial cds","546"
"1263297","Congolapia louna","NA","NA","NA"
"1263296","Congolapia crassa","NA","NA","NA"
"1237360","Orthochromis kalungwishiensis","NA","NA","NA"
"1237182","Orthochromis torrenticola","NA","NA","NA"
"1237181","Orthochromis stormsi","NA","NA","NA"
"1237176","Astatotilapia stappersii","NA","NA","NA"
"1237169","Haplochromis snoeksi","NA","NA","NA"
"1237161","Thoracochromis callichromus","NA","NA","NA"
"1237160","Cyclopharynx schwetzi","NA","NA","NA"
"1224741","Crenicichla frenata","NA","NA","NA"
"1204183","Cichla nigromaculata","NA","NA","NA"
"1202905","Thoracochromis wingatii","NA","NA","NA"
"1202851","Haplochromis macropsoides","NA","NA","NA"
"1193633","Ptychochromoides itasy","NA","NA","NA"
"1171431","Trematochromis benthicola","NA","NA","NA"
"1158422","Chindongo socolofi","NA","NA","NA"
"1131402","Trematocara nigrifrons","NA","NA","NA"
"1123833","Crenicichla haroldoi","NA","NA","NA"
"1123832","Crenicichla britskii","NA","NA","NA"
"1123830","Cichlasoma paranaense","NA","NA","NA"
"1084758","Trematocara marginatum","NA","NA","NA"
"1084754","Haplochromis thereuterion","NA","NA","NA"
"1084747","Haplochromis laparogramma","NA","NA","NA"
"1078953","Haplochromis fischeri","NA","NA","NA"
"1077074","Crenicichla marmorata","NA","NA","NA"
"1077073","Crenicichla jupiaensis","NA","NA","NA"
"1077072","Crenicichla igara","NA","NA","NA"
"1077071","Crenicichla hadrostigma","NA","NA","NA"
"1077070","Crenicichla cyanonotus","NA","NA","NA"
"1077069","Crenicichla cametana","NA","NA","NA"
"1077068","Mesoheros ornatus","NA","NA","NA"
"1077067","Australoheros ykeregua","NA","NA","NA"
"1077066","Australoheros kaaygua","NA","NA","NA"
"1077065","Australoheros forquilha","NA","NA","NA"
"1075432","Placidochromis platyrhynchos","NA","NA","NA"
"1075431","Alticorpus geoffreyi","NA","NA","NA"
"1075427","Placidochromis vulgaris","NA","NA","NA"
"1069630","Congochromis sabinae","KJ816613","Congochromis sabinae isolate CICH73 Ptr (Ptr) gene, partial cds","688"
"1069607","Teleogramma gracile","KP714183","Teleogramma gracile voucher 4297 Ptr (Ptr) gene, partial cds","737"
"1069602","Steatocranus rouxi","NA","NA","NA"
"1069601","Steatocranus mpozoensis","NA","NA","NA"
"1069595","Nanochromis wickleri","KJ816630","Nanochromis wickleri isolate CICH75 Ptr (Ptr) gene, partial cds","679"
"1069594","Nanochromis transvestitus","KJ816631","Nanochromis transvestitus isolate CICH77 Ptr (Ptr) gene, partial cds","688"
"1069593","Nanochromis teugelsi","KJ816626","Nanochromis teugelsi isolate CICH39 Ptr (Ptr) gene, partial cds","688"
"1069592","Nanochromis splendens","KJ816633","Nanochromis splendens isolate C05330 Ptr (Ptr) gene, partial cds","688"
"1069590","Nanochromis nudiceps","KJ816625","Nanochromis nudiceps isolate Nnudiceps Ptr (Ptr) gene, partial cds","688"
"1069589","Nanochromis minor","KJ816623","Nanochromis minor isolate C08586 Ptr (Ptr) gene, partial cds","688"
"1069588","Nanochromis consortus","KJ816632","Nanochromis consortus isolate C05489 Ptr (Ptr) gene, partial cds","688"
"1027357","Tylochromis sudanensis","NA","NA","NA"
"1007108","Amphilophus supercilius","NA","NA","NA"
"1007106","Amphilophus globosus","NA","NA","NA"
"934812","Lichnochromis acuticeps","NA","NA","NA"
"934809","Astatotilapia swynnertoni","NA","NA","NA"
"934269","Petrotilapia tridentiger","NA","NA","NA"
"934268","Haplochromis tanaos","NA","NA","NA"
"933959","Andinoacara stalsbergi","NA","NA","NA"
"933957","Andinoacara sapayensis","NA","NA","NA"
"933956","Andinoacara latifrons","NA","NA","NA"
"880859","Paraneetroplus gibbiceps","NA","NA","NA"
"874364","Tylochromis intermedius","NA","NA","NA"
"870598","Crenicichla lacustris","NA","NA","NA"
"870161","Coptodon snyderae","NA","NA","NA"
"870159","Coptodon bakossiorum","NA","NA","NA"
"863668","Neolamprologus walteri","NA","NA","NA"
"862240","Crenicichla ypo","NA","NA","NA"
"858759","Amphilophus sagittae","NA","NA","NA"
"858711","Amphilophus amarillo","NA","NA","NA"
"796932","Labidochromis ianthinus","NA","NA","NA"
"796931","Labidochromis flavigulis","NA","NA","NA"
"796772","Thorichthys socolofi","NA","NA","NA"
"796757","Mylochromis incola","NA","NA","NA"
"795477","Lamprologus tigripictilis","NA","NA","NA"
"795476","Teleogramma depressa","KP714195","Teleogramma depressa voucher 224163 Ptr (Ptr) gene, partial cds","737"
"765726","Crenicichla hu","NA","NA","NA"
"765725","Crenicichla yaha","NA","NA","NA"
"765724","Crenicichla tesay","NA","NA","NA"
"765723","Crenicichla gaucho","NA","NA","NA"
"765722","Crenicichla mandelburgeri","NA","NA","NA"
"762803","Mazarunia mazarunii","NA","NA","NA"
"762800","Bujurquina hophrys","NA","NA","NA"
"762799","Bujurquina apoparuana","NA","NA","NA"
"762796","Thorichthys affinis","NA","NA","NA"
"762772","Hypsophrys nematopus","NA","NA","NA"
"762767","Gymnogeophagus setequedas","NA","NA","NA"
"762765","Guianacara stergiosi","NA","NA","NA"
"762763","Guianacara owroewefi","NA","NA","NA"
"762762","Geophagus taeniopareius","NA","NA","NA"
"762759","Geophagus harreri","NA","NA","NA"
"762757","Crenicichla reticulata","NA","NA","NA"
"762756","Crenicichla multispinosa","NA","NA","NA"
"762754","Crenicichla lenticulata","NA","NA","NA"
"762751","Chromidotilapia guntheri","KJ816619","Chromidotilapia guntheri isolate Gunt4 Ptr (Ptr) gene, partial cds","688"
"762744","Apistogramma iniridae","NA","NA","NA"
"762740","Acaronia vultuosa","NA","NA","NA"
"762638","Cryptoheros cutteri","NA","NA","NA"
"762636","Cryptoheros chetumalensis","NA","NA","NA"
"762061","Rubricatochromis letourneuxi","KF557031","Hemichromis letourneuxi hypothetical protein (ptr) gene, partial cds","642"
"762060","Crenicichla acutirostris","NA","NA","NA"
"747757","Cichla vazzoleri","NA","NA","NA"
"747756","Cichla thyrorus","NA","NA","NA"
"747755","Cichla pleiozona","NA","NA","NA"
"747754","Cichla pinima","NA","NA","NA"
"747753","Cichla mirianae","NA","NA","NA"
"747752","Cichla melaniae","NA","NA","NA"
"747751","Cichla jariina","NA","NA","NA"
"745803","Satanoperca lilith","NA","NA","NA"
"745802","Heros efasciatus","JX190170","Heros efasciatus hypothetical protein (ptr) gene, partial cds","705"
"745343","Teleocichla gephyrogramma","NA","NA","NA"
"745342","Crenicichla vittata","NA","NA","NA"
"745341","Crenicichla tendybaguassu","NA","NA","NA"
"745340","Crenicichla semifasciata","NA","NA","NA"
"745339","Crenicichla scottii","NA","NA","NA"
"745338","Crenicichla punctata","NA","NA","NA"
"745337","Crenicichla notophthalmus","NA","NA","NA"
"745336","Crenicichla missioneira","NA","NA","NA"
"745335","Crenicichla minuano","NA","NA","NA"
"745334","Crenicichla menezesi","NA","NA","NA"
"745333","Crenicichla macrophthalma","NA","NA","NA"
"745332","Crenicichla iguassuensis","NA","NA","NA"
"745331","Crenicichla empheres","NA","NA","NA"
"745330","Crenicichla compressiceps","NA","NA","NA"
"745329","Crenicichla celidochilus","NA","NA","NA"
"702365","Protomelas spilonotus","NA","NA","NA"
"691896","Dicrossus maculatus","NA","NA","NA"
"691893","Limbochromis robertsi","KJ816607","Limbochromis robertsi isolate CICH47 Ptr (Ptr) gene, partial cds","688"
"683192","Interochromis loocki","NA","NA","NA"
"676247","Amphilophus astorquii","NA","NA","NA"
"676246","Amphilophus flaveolus","NA","NA","NA"
"676245","Amphilophus chancho","NA","NA","NA"
"673034","Vieja zonata","NA","NA","NA"
"673033","Vieja hartwegi","HQ427608","Vieja hartwegi voucher UTFTC 2537 hypothetical protein LOC564097 (Ptr) gene, partial cds","705"
"673032","Vieja bifasciata","HQ427603","Vieja bifasciata voucher UTFTC 2033 hypothetical protein LOC564097 (Ptr) gene, partial cds","705"
"665440","Pterochromis congicus","GQ168058","Pterochromis congicus isolate J42 hypothetical protein LOC564097 (Ptr) gene, partial cds","691"
"665437","Chilochromis duponti","GQ168028","Chilochromis duponti isolate J02 hypothetical protein LOC564097 (Ptr) gene, partial cds","691"
"665432","Coptodon tholloni","GQ168055","Tilapia tholloni isolate J35 hypothetical protein LOC564097 (Ptr) gene, partial cds","691"
"665431","Coelotilapia joka","GQ168054","Tilapia joka isolate J33 hypothetical protein LOC564097 (Ptr) gene, partial cds","691"
"665430","Tilapia guinasana","GQ168053","Tilapia guinasana isolate J32 hypothetical protein LOC564097 (Ptr) gene, partial cds","691"
"665429","Coptodon dageti","GQ168072","Tilapia dageti isolate J63 hypothetical protein LOC564097 (Ptr) gene, partial cds","691"
"665425","Steatocranus ubanguiensis","NA","NA","NA"
"665420","Steatocranus glaber","NA","NA","NA"
"665419","Steatocranus gibbiceps","NA","NA","NA"
"665418","Steatocranus bleheri","NA","NA","NA"
"665417","Sarotherodon mvogoi","NA","NA","NA"
"665415","Pelmatochromis buettikoferi","NA","NA","NA"
"665414","Gobiocichla wonderi","NA","NA","NA"
"665408","Congolapia bilineata","MK074116","Congolapia bilineata voucher A7-31-890 cytochrome oxidase subunit 1 (COI) gene, partial cds; mitochondrial","652"
"661982","Rocio octofasciata","KJ669407","Rocio octofasciata isolate CES-127 cytochrome oxidase subunit 1 (COI) gene, partial cds; mitochondrial","655"
"613157","Cichla kelberi","KT382894","Cichla kelberi isolate 108A_54_E01 cytochrome oxidase subunit I (COI) gene, partial cds; mitochondrial","544"
"565375","Geophagus proximus","MH931701","Geophagus proximus isolate 104248 cytochrome oxidase subunit I (COI) gene, partial cds; mitochondrial","434"
"565372","Geophagus megasema","NA","NA","NA"
"559353","Neolamprologus sexfasciatus","KU194095","Neolamprologus sexfasciatus isolate MRAC92.81.P.870 cytochrome c oxidase subunit I (COI) gene, partial cds; mitochondrial","656"
"559352","Neolamprologus obscurus","KU194098","Neolamprologus obscurus isolate MRAC95.96.P_tag1360 cytochrome c oxidase subunit I (COI) gene, partial cds; mitochondrial","656"
"559349","Lepidiolamprologus mimicus","NA","NA","NA"
"559347","Xenotilapia rotundiventralis","NA","NA","NA"
"559346","Xenotilapia papilio","NA","NA","NA"
"559345","Xenotilapia melanogenys","KU193813","Xenotilapia melanogenys isolate MRAC92.81.P.175 cytochrome c oxidase subunit I (COI) gene, partial cds; mitochondrial","656"
"559344","Xenotilapia leptura","KU193816","Xenotilapia leptura isolate MRAC95.96.P_tag234 cytochrome c oxidase subunit I (COI) gene, partial cds; mitochondrial","656"
"559343","Cyprichromis coloratus","NA","NA","NA"
"559342","Benthochromis horii","NA","NA","NA"
"547570","Haplochromis hiatus","NA","NA","NA"
"547569","Haplochromis iris","NA","NA","NA"
"543938","Haplochromis angustifrons","NA","NA","NA"
"543933","Schwetzochromis neodon","NA","NA","NA"
"543924","Haplochromis rudolfianus","NA","NA","NA"
"526995","Nyassachromis prostoma","NA","NA","NA"
"526960","Eclectochromis ornatus","NA","NA","NA"
"526958","Petrotilapia nigra","NA","NA","NA"
"526956","Buccochromis heterotaenia","NA","NA","NA"
"516076","Cichla piquiti","OR732859","Cichla piquiti voucher 466_TOC cytochrome oxidase subunit 1 (COI) gene, partial cds; mitochondrial","620"
"454628","Rhamphochromis ferox","NA","NA","NA"
"454626","Rhamphochromis woodi","NA","NA","NA"
"452219","Xenochromis hecqui","NA","NA","NA"
"452215","Plecodus elaviae","NA","NA","NA"
"452213","Neolamprologus devosi","NA","NA","NA"
"451874","Nyassachromis microcephalus","NA","NA","NA"
"451872","Otopharynx lithobates","NA","NA","NA"
"451859","Sciaenochromis ahli","NA","NA","NA"
"451857","Chindongo flavus","NA","NA","NA"
"451856","Chindongo demasoni","KU568989","Chindongo demasoni voucher KW11T053 cytochrome oxidase subunit 1 (COI) gene, partial cds; mitochondrial","652"
"451848","Copadichromis trimaculatus","NA","NA","NA"
"451842","Copadichromis mloto","NA","NA","NA"
"451841","Copadichromis jacksoni","NA","NA","NA"
"451840","Copadichromis cyaneus","NA","NA","NA"
"449991","Wajpamheros nourissati","NA","NA","NA"
"449988","Mayaheros beani","NA","NA","NA"
"449328","Telmatochromis brichardi","NA","NA","NA"
"449327","Neolamprologus ventralis","KJ187200","Neolamprologus ventralis voucher NRM:59623 cytochrome oxidase subunit I (COI) gene, partial cds; mitochondrial","685"
"449324","Neolamprologus prochilus","NA","NA","NA"
"449323","Neolamprologus pectoralis","NA","NA","NA"
"449322","Neolamprologus mustax","KU194099","Neolamprologus mustax isolate MRAC95.96.P_tag1248 cytochrome c oxidase subunit I (COI) gene, partial cds; mitochondrial","656"
"449320","Neolamprologus longicaudatus","NA","NA","NA"
"449319","Neolamprologus falcicula","NA","NA","NA"
"449318","Neolamprologus bifasciatus","NA","NA","NA"
"449317","Julidochromis dickfeldi","NA","NA","NA"
"449287","Tahuantinsuyoa macantzatza","EU888058","Tahuantinsuyoa macantzatza cytochrome oxidase subunit I (COI) gene, partial cds; mitochondrial","587"
"449282","Krobia guianensis","MZ051728","Krobia guianensis voucher SU08-516 cytochrome oxidase subunit 1 (COI) gene, partial cds; mitochondrial","632"
"449276","Nannacara taenia","EU888055","Nannacara taenia cytochrome oxidase subunit I (COI) gene, partial cds; mitochondrial","649"
"449274","Nannacara aureocephalus","NA","NA","NA"
"449269","Cichlasoma pusillum","NA","NA","NA"
"449268","Cichlasoma araguaiense","NA","NA","NA"
"449267","Bujurquina syspilus","NA","NA","NA"
"449265","Bujurquina peregrinabunda","NA","NA","NA"
"449264","Aequidens tubicen","NA","NA","NA"
"449257","Aequidens potaroensis","NA","NA","NA"
"449256","Aequidens patricki","NA","NA","NA"
"449254","Aequidens chimantanus","NA","NA","NA"
"449250","Andinoacara biseriatus","NA","NA","NA"
"446522","Benitochromis ufermanni","NA","NA","NA"
"445558","Hemitilapia oxyrhynchus","NA","NA","NA"
"445512","Labidochromis gigas","NA","NA","NA"
"445511","Mylochromis mola","NA","NA","NA"
"445509","Chindongo elongatus","KU568991","Chindongo elongatus voucher KW11T062 cytochrome oxidase subunit 1 (COI) gene, partial cds; mitochondrial","652"
"445508","Placidochromis johnstoni","NA","NA","NA"
"445507","Maylandia aurora","NA","NA","NA"
"445506","Pseudotropheus crabro","NA","NA","NA"
"445505","Copadichromis mbenjii","NA","NA","NA"
"445504","Ctenopharynx pictus","NA","NA","NA"
"445503","Protomelas spilopterus","NA","NA","NA"
"445501","Docimodus evelynae","NA","NA","NA"
"441665","Rheoheros coeruleus","NA","NA","NA"
"441663","Parachromis friedrichsthalii","GU807103","Parachromis friedrichsthalii voucher MXIII389 cytochrome oxidase subunit 1 (COI) gene, partial cds; mitochondrial","652"
"441656","Amphilophus xiloaensis","NA","NA","NA"
"441536","Maylandia fainzilberi","NA","NA","NA"
"441521","Maylandia pyrsonotos","NA","NA","NA"
"441520","Maylandia phaeos","NA","NA","NA"
"441518","Maylandia mbenjii","NA","NA","NA"
"441517","Maylandia hajomaylandi","KU568910","Maylandia hajomaylandi voucher KW11T154 cytochrome oxidase subunit 1 (COI) gene, partial cds; mitochondrial","646"
"441516","Maylandia greshakei","NA","NA","NA"
"441515","Maylandia emmiltos","NA","NA","NA"
"441513","Maylandia chrysomallos","NA","NA","NA"
"441512","Maylandia benetos","NA","NA","NA"
"431670","Telmatochromis brachygnathus","KU193994","Telmatochromis brachygnathus isolate MRAC95.96.P_tag1762 cytochrome c oxidase subunit I (COI) gene, partial cds; mitochondrial","656"
"425697","Serranochromis longimanus","NA","NA","NA"
"422201","Protomelas virgatus","NA","NA","NA"
"420348","Cichlasoma dimerus","JX111720","Cichlasoma dimerus voucher UNMDP-T 0547 cytochrome oxidase subunit 1 (COI) gene, partial cds; mitochondrial","630"
"420112","Lamprologus ornatipinnis","NA","NA","NA"
"420109","Neolamprologus wauthioni","NA","NA","NA"
"420108","Neolamprologus leloupi","KU194108","Neolamprologus leloupi isolate MRAC92.81.P.591 cytochrome c oxidase subunit I (COI) gene, partial cds; mitochondrial","656"
"420107","Neolamprologus multifasciatus","NA","NA","NA"
"420106","Lamprologus laparogramma","NA","NA","NA"
"420105","Lamprologus signatus","NA","NA","NA"
"409979","Perissodus eccentricus","NA","NA","NA"
"407193","Thorichthys maculipinnis","GU817274","Thorichthys ellioti cytochrome oxidase subunit I (COI) gene, partial cds; mitochondrial","590"
"407111","Amphilophus istlanus","NA","NA","NA"
"399407","Vieja maculicauda","MG496250","Vieja maculicauda voucher stri-13898 cytochrome oxidase subunit 1 (COI) gene, partial cds; mitochondrial","645"
"399273","Tylochromis mylodon","NA","NA","NA"
"399272","Tylochromis bangwelensis","NA","NA","NA"
"399271","Tylochromis lateralis","MK074681","Tylochromis lateralis voucher A7-31-Le-0454 cytochrome oxidase subunit 1 (COI) gene, partial cds; mitochondrial","652"
"388460","Symphysodon tarzoo","NA","NA","NA"
"383918","Cincelichthys pearsei","NA","NA","NA"
"383917","Chuco intermedium","EU752015","Theraps intermedius voucher MX604 cytochrome oxidase subunit 1 (COI) gene, partial cds; mitochondrial","652"
"383916","Thorichthys pasionis","GU817276","Thorichthys pasionis cytochrome oxidase subunit I (COI) gene, partial cds; mitochondrial","590"
"383915","Herichthys deppii","GU817264","Herichthys deppii cytochrome oxidase subunit I (COI) gene, partial cds; mitochondrial","590"
"383914","Theraps irregularis","NA","NA","NA"
"378739","Gymnogeophagus meridionalis","JX111759","Gymnogeophagus meridionalis voucher UNMDP-T 0290 cytochrome oxidase subunit 1 (COI) gene, partial cds; mitochondrial","652"
"350780","Uaru fernandezyepezi","NA","NA","NA"
"350777","Mesonauta festivus","EU888110","Mesonauta festivus cytochrome oxidase subunit I (COI) gene, partial cds; mitochondrial","587"
"342867","Apistogramma bitaeniata","LN679020","Apistogramma bitaeniata mitochondrial partial COI gene for cytochrome oxidase subunit 1, specimen voucher 302616","583"
"342864","Thorichthys aureus","DQ119207","Thorichthys aureus cytochrome oxidase subunit I (COI) gene, partial cds; mitochondrial","590"
"342863","Parachromis motaguensis","DQ119205","Parachromis motaguensis cytochrome oxidase subunit I (COI) gene, partial cds; mitochondrial","590"
"338890","Melanochromis vermivorus","NA","NA","NA"
"331646","Haplochromis paludinosus","NA","NA","NA"
"329924","Lamprologus teugelsi","NA","NA","NA"
"329923","Lepidiolamprologus kendalli","NA","NA","NA"
"329916","Neolamprologus buescheri","NA","NA","NA"
"329915","Lamprologus speciosus","NA","NA","NA"
"329339","Heroina isonycterina","NA","NA","NA"
"329337","Nandopsis tetracanthus","DQ119212","Nandopsis tetracanthus cytochrome oxidase subunit I (COI) gene, partial cds; mitochondrial","590"
"329336","Australoheros scitulus","NA","NA","NA"
"329334","Australoheros angiru","NA","NA","NA"
"323801","Tramitichromis intermedius","NA","NA","NA"
"323800","Trematocranus placodon","NA","NA","NA"
"323798","Taeniochromis holotaenia","NA","NA","NA"
"323797","Taeniolethrinops furcicauda","NA","NA","NA"
"323792","Maylandia lanisticola","NA","NA","NA"
"323791","Protomelas insignis","NA","NA","NA"
"323788","Otopharynx argyrosoma","NA","NA","NA"
"323785","Mylochromis ericotaenia","NA","NA","NA"
"323781","Lethrinops mylodon","NA","NA","NA"
"323779","Lethrinops longimanus","NA","NA","NA"
"323778","Lethrinops altus","NA","NA","NA"
"323776","Labidochromis vellicans","NA","NA","NA"
"323775","Gephyrochromis lawsi","NA","NA","NA"
"323773","Diplotaxodon argenteus","NA","NA","NA"
"323772","Diplotaxodon apogon","NA","NA","NA"
"323771","Diplotaxodon aeneus","NA","NA","NA"
"323768","Ctenopharynx intermedius","NA","NA","NA"
"323766","Corematodus taeniatus","NA","NA","NA"
"323764","Chilotilapia rhoadesii","NA","NA","NA"
"323762","Copadichromis chrysonotus","NA","NA","NA"
"323759","Buccochromis nototaenia","NA","NA","NA"
"323756","Alticorpus mentale","NA","NA","NA"
"318749","Amphilophus hogaboomorum","NA","NA","NA"
"318743","Mayaheros urophthalmus","OR138899","Mayaheros urophthalmus voucher CH829-B08 cytochrome oxidase subunit 1 (COI) gene, partial cds; mitochondrial","650"
"318736","Maskaheros argenteus","GU817277","Vieja argentea cytochrome oxidase subunit I (COI) gene, partial cds; mitochondrial","590"
"318730","Rheoheros lentiginosus","EU751971","Theraps lentiginosus voucher MX549 cytochrome oxidase subunit 1 (COI) gene, partial cds; mitochondrial","651"
"318681","Amatitlania nanolutea","MG936652","Amatitlania nanolutea voucher stri-730 cytochrome oxidase subunit 1 (COI) gene, partial cds; mitochondrial","648"
"318680","Amphilophus lyonsi","MG936655","Amphilophus lyonsi voucher stri-6815 cytochrome oxidase subunit 1 (COI) gene, partial cds; mitochondrial","640"
"318677","Nandopsis haitiensis","DQ119213","Nandopsis haitiensis cytochrome oxidase subunit I (COI) gene, partial cds; mitochondrial","590"
"318676","Australoheros facetus","EU888096","Australoheros facetus cytochrome oxidase subunit I (COI) gene, partial cds; mitochondrial","587"
"318672","Cichlasoma taenia","NA","NA","NA"
"318583","Andinoacara coeruleopunctatus","MG496078","Andinoacara coeruleopunctatus voucher stri-1172 cytochrome oxidase subunit 1 (COI) gene, partial cds; mitochondrial","648"
"318582","Australoheros tembe","NA","NA","NA"
"318500","Mesoheros atromaculatus","MG937053","Mesoheros atromaculatus voucher stri-9386 cytochrome oxidase subunit 1 (COI) gene, partial cds; mitochondrial","648"
"316409","Haplochromis obliquidens","NA","NA","NA"
"316406","Cheilochromis euchilus","NA","NA","NA"
"316396","Orthochromis mosoensis","NA","NA","NA"
"316395","Orthochromis luichensis","NA","NA","NA"
"316394","Orthochromis rubrolabialis","NA","NA","NA"
"316393","Orthochromis rugufuensis","NA","NA","NA"
"316392","Orthochromis kasuluensis","NA","NA","NA"
"316391","Orthochromis uvinzae","NA","NA","NA"
"313996","Tyrannochromis maculiceps","NA","NA","NA"
"313994","Stigmatochromis modestus","NA","NA","NA"
"313993","Lethrinops parvidens","NA","NA","NA"
"313992","Aulonocara hueseri","NA","NA","NA"
"313991","Labidochromis chisumulae","KU568896","Labidochromis chisumulae voucher KW12-AT052 cytochrome oxidase subunit 1 (COI) gene, partial cds; mitochondrial","652"
"311996","Sargochromis giardi","NA","NA","NA"
"311526","Nimbochromis linni","NA","NA","NA"
"311525","Serranochromis stappersi","NA","NA","NA"
"311523","Serranochromis altus","NA","NA","NA"
"311521","Sargochromis mellandi","NA","NA","NA"
"311520","Serranochromis meridianus","NA","NA","NA"
"311519","Sargochromis mortimeri","NA","NA","NA"
"311518","Sargochromis coulteri","NA","NA","NA"
"311515","Chetia brevicauda","NA","NA","NA"
"311509","Serranochromis macrocephalus","NA","NA","NA"
"311508","Serranochromis angusticeps","NA","NA","NA"
"311506","Thoracochromis demeusii","NA","NA","NA"
"311505","Chetia brevis","NA","NA","NA"
"311504","Sargochromis codringtonii","NA","NA","NA"
"311503","Thoracochromis buysi","JN312271","Perciformes sp. BOLD:AAC3404 voucher HvdB-03-11-2010-89 cytochrome oxidase subunit 1 (COI) gene, partial cds; mitochondrial","652"
"311502","Sargochromis carlottae","NA","NA","NA"
"311500","Chetia flaviventris","NA","NA","NA"
"311498","Thoracochromis albolabris","NA","NA","NA"
"311497","Pharyngochromis acuticeps","NA","NA","NA"
"311495","Serranochromis thumbergi","NA","NA","NA"
"309900","Neolamprologus nigriventris","NA","NA","NA"
"309899","Neolamprologus niger","NA","NA","NA"
"309894","Cyprichromis zonatus","NA","NA","NA"
"309881","Cyprichromis pavo","NA","NA","NA"
"309879","Cyprichromis microlepidotus","NA","NA","NA"
"309875","Paracyprichromis nigripinnis","NA","NA","NA"
"306559","Symphysodon discus","EU888113","Symphysodon discus cytochrome oxidase subunit I (COI) gene, partial cds; mitochondrial","587"
"304217","Rhamphochromis longiceps","NA","NA","NA"
"303559","Haplochromis flavus","NA","NA","NA"
"303557","Haplochromis elegans","NA","NA","NA"
"303556","Haplochromis aeneocolor","NA","NA","NA"
"303186","Nandopsis ramsdeni","DQ119211","Nandopsis ramsdeni cytochrome oxidase subunit I (COI) gene, partial cds; mitochondrial","590"
"302988","Tylochromis pulcher","MW630760","Tylochromis pulcher isolate B12 cytochrome c oxidase subunit I (COI) gene, partial cds; mitochondrial","658"
"302987","Pelmatochromis nigrofasciatus","KT193197","Pelmatochromis nigrofasciatus isolate 14 cytochrome c oxidase subunit I (COI) gene, partial cds; mitochondrial","651"
"302985","Rubricatochromis guttatus","NA","NA","NA"
"302984","Gobiocichla ethelwynnae","NA","NA","NA"
"302982","Etia nguti","GU817296","Etia nguti COI gene, partial sequence; mitochondrial","574"
"302979","Tomocichla asfraci","NA","NA","NA"
"302965","Paretroplus tsimoly","NA","NA","NA"
"302778","Etroplus canarensis","NC_061969","Etroplus canarensis mitochondrion, complete genome","16339"
"299339","Haplotaxodon trifasciatus","NA","NA","NA"
"299337","Greenwoodochromis christyi","NA","NA","NA"
"299336","Benthochromis melanoides","NA","NA","NA"
"296566","Myaka myaka","NA","NA","NA"
"296564","Konia dikume","NA","NA","NA"
"296563","Konia eisentrauti","NA","NA","NA"
"296561","Pungu maclareni","NA","NA","NA"
"296559","Stomatepia mongo","NA","NA","NA"
"296555","Sarotherodon linnellii","NA","NA","NA"
"296554","Sarotherodon caroli","NA","NA","NA"
"296553","Sarotherodon lohbergeri","EU888030","Sarotherodon lohbergeri cytochrome oxidase subunit I (COI) gene, partial cds; mitochondrial","587"
"293472","Hemichromis elongatus","MK074333","Hemichromis elongatus voucher A7-09-874 cytochrome oxidase subunit 1 (COI) gene, partial cds; mitochondrial","652"
"293471","Bathybates hornii","NA","NA","NA"
"293470","Bathybates leo","NA","NA","NA"
"293469","Bathybates vittatus","NA","NA","NA"
"293468","Bathybates graueri","KX347609","Bathybates graueri cytochrome oxidase subunit I (COI) gene, partial cds; mitochondrial","619"
"293467","Bathybates minor","KU194189","Bathybates minor isolate MRAC92.81.P.283 cytochrome c oxidase subunit I (COI) gene, partial cds; mitochondrial","656"
"287489","Petrochromis fasciolatus","KU194042","Petrochromis fasciolatus isolate MRAC95.96.P_tag2291 cytochrome c oxidase subunit I (COI) gene, partial cds; mitochondrial","656"
"287480","Petrochromis macrognathus","KU194039","Petrochromis macrognathus isolate MRAC95.96.P_tag2857 cytochrome c oxidase subunit I (COI) gene, partial cds; mitochondrial","656"
"286728","Placidochromis polli","NA","NA","NA"
"286602","Xenotilapia nigrolabiata","NA","NA","NA"
"286601","Sciaenochromis fryeri","NA","NA","NA"
"286583","Otopharynx heterodon","NA","NA","NA"
"286582","Nimbochromis fuscotaeniatus","NA","NA","NA"
"286578","Hemibates stenosoma","NA","NA","NA"
"286576","Greenwoodochromis bellcrossi","NA","NA","NA"
"286574","Baileychromis centropomoides","NA","NA","NA"
"286572","Aulonocara stuartgranti","NA","NA","NA"
"284754","Satanoperca pappaterra","JN989214","Satanoperca pappaterra voucher LBPV-26750 cytochrome oxidase subunit 1 (COI) gene, partial cds; mitochondrial","669"
"284753","Satanoperca daemon","NA","NA","NA"
"284752","Geophagus abalios","NA","NA","NA"
"284751","Geophagus dicrozoster","NA","NA","NA"
"284750","Biotoecus dicentrarchus","EU888065","Biotoecus dicentrarchus cytochrome oxidase subunit I (COI) gene, partial cds; mitochondrial","649"
"284748","Cichla intermedia","NA","NA","NA"
"284746","Apistogramma agassizii","MH931569","Apistogramma agassizii isolate 104508 cytochrome oxidase subunit I (COI) gene, partial cds; mitochondrial","435"
"284745","Mesonauta egregius","HM909791","Perciformes sp. DSFRE153-08 voucher BIOUG<CAN>:OL-0266 cytochrome oxidase subunit 1 (COI) gene, partial cds; mitochondrial","549"
"284744","Cichlasoma orinocense","NA","NA","NA"
"284743","Apistogramma hoignei","NA","NA","NA"
"284740","Mikrogeophagus ramirezi","KU568932","Mikrogeophagus ramirezi voucher KW12-AT025 cytochrome oxidase subunit 1 (COI) gene, partial cds; mitochondrial","627"
"284734","Crenicichla sveni","NA","NA","NA"
"284732","Geophagus surinamensis","MZ051551","Geophagus surinamensis voucher GF15-218 cytochrome oxidase subunit 1 (COI) gene, partial cds; mitochondrial","630"
"284725","Gymnogeophagus balzanii","KU288981","Gymnogeophagus balzanii voucher MG ZV-P 206 cytochrome oxidase subunit I (COI) gene, partial cds; mitochondrial","652"
"284720","Gymnogeophagus rhabdotus","NA","NA","NA"
"284718","Crenicichla geayi","NA","NA","NA"
"284704","Apistogrammoides pucallpaensis","EU888072","Apistogrammoides pucallpaensis cytochrome oxidase subunit I (COI) gene, partial cds; mitochondrial","649"
"284697","Satanoperca mapiritensis","NA","NA","NA"
"284696","Geophagus brachybranchus","NA","NA","NA"
"284692","Geophagus grammepareius","NA","NA","NA"
"284691","Biotodoma cupido","MH931601","Biotodoma cupido isolate 100691 cytochrome oxidase subunit I (COI) gene, partial cds; mitochondrial","435"
"281269","Haplochromis guiarti","NA","NA","NA"
"281253","Amphilophus zaliosus","NA","NA","NA"
"278785","Lamprologus stappersi","NA","NA","NA"
"277995","Pseudocrenilabrus nicholsi","NA","NA","NA"
"277994","Pseudocrenilabrus philander","JN312237","Perciformes sp. BOLD:AAE8036 voucher HvdB-05-2010-20 cytochrome oxidase subunit 1 (COI) gene, partial cds; mitochondrial","652"
"272725","Neolamprologus modestus","KU194104","Neolamprologus modestus isolate MRAC92.81.P.1395 cytochrome c oxidase subunit I (COI) gene, partial cds; mitochondrial","656"
"272724","Lamprologus lemairii","KU194129","Lamprologus lemairii isolate MRAC95.96.P_tag1382 cytochrome c oxidase subunit I (COI) gene, partial cds; mitochondrial","656"
"272723","Neolamprologus mondabu","KU194101","Neolamprologus mondabu isolate MRAC92.81.P.1346 cytochrome c oxidase subunit I (COI) gene, partial cds; mitochondrial","656"
"272722","Julidochromis ornatus","KU194139","Julidochromis ornatus isolate MRAC92.81.P.383 cytochrome c oxidase subunit I (COI) gene, partial cds; mitochondrial","656"
"272721","Neolamprologus fasciatus","KU194112","Neolamprologus fasciatus isolate MRAC95.96.P_tag1369 cytochrome c oxidase subunit I (COI) gene, partial cds; mitochondrial","656"
"272720","Lepidiolamprologus attenuatus","NA","NA","NA"
"272719","Lepidiolamprologus profundicola","KU194123","Lepidiolamprologus profundicola isolate MRAC95.96.P_tag1290 cytochrome c oxidase subunit I (COI) gene, partial cds; mitochondrial","656"
"272718","Neolamprologus petricola","KU194097","Neolamprologus petricola isolate MRAC95.96.P_tag1363 cytochrome c oxidase subunit I (COI) gene, partial cds; mitochondrial","656"
"272717","Telmatochromis dhonti","KU193990","Telmatochromis dhonti isolate MRAC95.96.P_tag1340 cytochrome c oxidase subunit I (COI) gene, partial cds; mitochondrial","656"
"257977","Haplochromis chilotes","NA","NA","NA"
"252142","Vieja fenestrata","HM379818","Vieja fenestrata voucher MXIV29 cytochrome oxidase subunit 1 (COI) gene, partial cds; mitochondrial","652"
"247411","Amphilophus trimaculatus","GU817267","Cichlasoma trimaculatum cytochrome oxidase subunit I (COI) gene, partial cds; mitochondrial","590"
"247410","Vieja guttulata","NA","NA","NA"
"247407","Thorichthys helleri","EU751975","Thorichthys helleri voucher MX546 cytochrome oxidase subunit 1 (COI) gene, partial cds; mitochondrial","652"
"247403","Herichthys bartoni","JQ935879","Herichthys bartoni voucher PTR171 cytochrome oxidase subunit 1 (COI) gene, partial cds; mitochondrial","652"
"247402","Herichthys steindachneri","JQ935840","Herichthys steindachneri voucher YLN24 cytochrome oxidase subunit 1 (COI) gene, partial cds; mitochondrial","652"
"247401","Thorichthys callolepis","NA","NA","NA"
"247400","Paraneetroplus bulleri","NA","NA","NA"
"247398","Herichthys pantostictus","HQ573376","Herichthys pantostictus voucher MXIV0754 cytochrome oxidase subunit 1 (COI) gene, partial cds; mitochondrial","652"
"247396","Herichthys tamasopoensis","GU817270","Herichthys tamasopoensis cytochrome oxidase subunit I (COI) gene, partial cds; mitochondrial","590"
"247393","Herichthys minckleyi","HQ573228","Herichthys minckleyi voucher MXIV0366 cytochrome oxidase subunit 1 (COI) gene, partial cds; mitochondrial","546"
"244518","Petrochromis trewavasae","KU194052","Petrochromis trewavasae ephippium isolate MRAC92.81.P.1350 cytochrome c oxidase subunit I (COI) gene, partial cds; mitochondrial","656"
"244514","Petrochromis polyodon","KU194034","Petrochromis polyodon isolate MRAC95.96.P_tag2858 cytochrome c oxidase subunit I (COI) gene, partial cds; mitochondrial","656"
"244513","Petrochromis famula","KU194049","Petrochromis famula isolate MRAC95.96.P_tag2293 cytochrome c oxidase subunit I (COI) gene, partial cds; mitochondrial","656"
"244511","Limnotilapia dardennii","KU194121","Limnotilapia dardennii isolate MRAC95.96.P_tag1450 cytochrome c oxidase subunit I (COI) gene, partial cds; mitochondrial","656"
"242822","Bujurquina vittata","DQ119215","Bujurquina vittata cytochrome oxidase subunit I (COI) gene, partial cds; mitochondrial","590"
"242821","Laetacara dorsigera","NA","NA","NA"
"242820","Andinoacara rivulatus","NC_025671","Andinoacara rivulatus mitochondrion, complete genome","16585"
"242819","Aequidens metae","NA","NA","NA"
"240489","Callochromis melanostigma","NA","NA","NA"
"240485","Xenotilapia longispinis","NA","NA","NA"
"240484","Xenotilapia caudafasciata","NA","NA","NA"
"240481","Xenotilapia flavipinnis","KU193817","Xenotilapia flavipinnis isolate MRAC92.81.P.54 cytochrome c oxidase subunit I (COI) gene, partial cds; mitochondrial","656"
"240480","Xenotilapia boulengeri","KU193823","Xenotilapia boulengeri isolate MRAC92.81.P.902 cytochrome c oxidase subunit I (COI) gene, partial cds; mitochondrial","656"
"240473","Lestradea stappersii","NA","NA","NA"
"238235","Satanoperca leucosticta","AY263861","Satanoperca leucosticta cytochrome c oxidase subunit I (COI) gene, partial CDS; mitochondrial gene for mitochondrial product","649"
"238234","Crenicichla alta","AY263860","Crenicichla alta cytochrome c oxidase subunit I (COI) gene, partial CDS; mitochondrial gene for mitochondrial product","649"
"238233","Heros severus","KU568857","Heros severus voucher KW12-AT013 cytochrome oxidase subunit 1 (COI) gene, partial cds; mitochondrial","652"
"238232","Etroplus suratensis","NC_029832","Etroplus suratensis mitochondrion, complete genome","16467"
"238231","Paretroplus nourissati","AY263857","Paretroplus nourissati cytochrome c oxidase subunit I (COI) gene, partial CDS; mitochondrial gene for mitochondrial product","649"
"238230","Paretroplus damii","AY263856","Paretroplus damii cytochrome c oxidase subunit I (COI) gene, partial CDS; mitochondrial gene for mitochondrial product","649"
"238228","Paretroplus kieneri","AY263855","Paretroplus kieneri isolate Pakienlr cytochrome c oxidase subunit I (COI) gene, partial CDS; mitochondrial gene for mitochondrial product","649"
"238227","Paretroplus menarambo","AY263853","Paretroplus menarambo cytochrome c oxidase subunit I (COI) gene, partial CDS; mitochondrial gene for mitochondrial product","649"
"238226","Paretroplus dambabe","AY263851","Paretroplus dambabe cytochrome c oxidase subunit I (COI) gene, partial CDS; mitochondrial gene for mitochondrial product","649"
"238225","Paretroplus maromandia","AY263852","Paretroplus maromandia cytochrome c oxidase subunit I (COI) gene, partial CDS; mitochondrial gene for mitochondrial product","649"
"238224","Paretroplus maculatus","MW630758","Paretroplus maculatus isolate MAD 96-24 cytochrome c oxidase subunit I (COI) gene, partial cds; mitochondrial","658"
"238221","Ptychochromoides vondrozo","AY263883","Ptychochromoides vondrozo cytochrome oxidase subunit I (COI) gene, partial cds; mitochondrial gene for mitochondrial product","649"
"238218","Ptychochromis inornatus","AY263876","Ptychochromis inornatus andrapongy cytochrome oxidase subunit I (COI) gene, partial cds; mitochondrial gene for mitochondrial product","649"
"238217","Ptychochromis grandidieri","MW630759","Ptychochromis grandidieri cytochrome c oxidase subunit I (COI) gene, partial cds; mitochondrial","658"
"227845","Thoracochromis brauschi","NA","NA","NA"
"227775","Haplochromis gracilior","NA","NA","NA"
"227774","Haplochromis squamipinnis","NA","NA","NA"
"227772","Haplochromis crebridens","NA","NA","NA"
"227771","Haplochromis vittatus","NA","NA","NA"
"227770","Haplochromis microchrysomelas","NA","NA","NA"
"227769","Haplochromis occultidens","NA","NA","NA"
"227768","Haplochromis olivaceus","NA","NA","NA"
"227767","Haplochromis graueri","NA","NA","NA"
"227766","Haplochromis paucidens","NA","NA","NA"
"227765","Haplochromis scheffersi","NA","NA","NA"
"227762","Haplochromis insidiae","NA","NA","NA"
"227759","Haplochromis rubescens","NA","NA","NA"
"227758","Haplochromis nigroides","NA","NA","NA"
"227757","Haplochromis astatodon","NA","NA","NA"
"219385","Bathybates fasciatus","KU194192","Bathybates fasciatus isolate MRAC92.81.P.291 cytochrome c oxidase subunit I (COI) gene, partial cds; mitochondrial","656"
"219380","Anomalochromis thomasi","KX347607","Anomalochromis thomasi cytochrome oxidase subunit I (COI) gene, partial cds; mitochondrial","609"
"219373","Nanochromis parilus","KX347624","Nanochromis parilus cytochrome oxidase subunit I (COI) gene, partial cds; mitochondrial","604"
"219369","Teleogramma brichardi","KP714154","Teleogramma brichardi voucher 6026 cytochrome oxidase subunit 1 (COI) gene, partial cds; mitochondrial","591"
"219366","Pelvicachromis taeniatus","NA","NA","NA"
"205486","Cynotilapia afra","KX347616","Cynotilapia afra cytochrome oxidase subunit I (COI) gene, partial cds; mitochondrial","604"
"205334","Astatotilapia flaviijosephi","OQ991977","Astatotilapia flaviijosephi voucher As.fl0006 cytochrome oxidase subunit 1 (COI) gene, partial cds; mitochondrial","509"
"195092","Trematocara macrostoma","NA","NA","NA"
"195090","Lamprologus ocellatus","NA","NA","NA"
"184153","Neolamprologus splendens","NA","NA","NA"
"184152","Neolamprologus savoryi","NA","NA","NA"
"184151","Neolamprologus pulcher","KU194096","Neolamprologus pulcher isolate MRAC95.96.P_tag1838 cytochrome c oxidase subunit I (COI) gene, partial cds; mitochondrial","656"
"184150","Neolamprologus olivaceous","NA","NA","NA"
"184149","Neolamprologus marunguensis","NA","NA","NA"
"184148","Neolamprologus helianthus","NA","NA","NA"
"184147","Neolamprologus gracilis","NA","NA","NA"
"175425","Haplochromis oligacanthus","NA","NA","NA"
"172543","Mesoheros festae","DQ119216","Nandopsis festae cytochrome oxidase subunit I (COI) gene, partial cds; mitochondrial","590"
"172541","Vieja breidohri","NA","NA","NA"
"172539","Caquetaia myersi","GU817288","Caquetaia myersi cytochrome oxidase subunit I (COI) gene, partial cds; mitochondrial","590"
"172537","Cleithracara maronii","MZ051948","Cleithracara maronii voucher SU08-603 cytochrome oxidase subunit 1 (COI) gene, partial cds; mitochondrial","658"
"172535","Parachromis managuensis","PV634165","Parachromis managuensis voucher stri-3414 cytochrome oxidase subunit 1 (COI) gene, partial cds; mitochondrial","648"
"172533","Aequidens diadema","MK861753","Aequidens diadema voucher IIAP-CIIAP-01206-3 cytochrome c oxidase subunit I (COI) gene, partial cds; mitochondrial","505"
"172532","Hypselecara temporalis","DQ119219","Hypselecara temporalis cytochrome oxidase subunit I (COI) gene, partial cds; mitochondrial","590"
"172531","Aequidens tetramerus","MZ052061","Aequidens tetramerus voucher PAG-2612 cytochrome oxidase subunit 1 (COI) gene, partial cds; mitochondrial","657"
"172530","Laetacara thayeri","EU888052","Laetacara thayeri cytochrome oxidase subunit I (COI) gene, partial cds; mitochondrial","649"
"172526","Maskaheros regani","GU817282","Vieja regani cytochrome oxidase subunit I (COI) gene, partial cds; mitochondrial","590"
"172524","Trichromis salvini","OR138967","Trichromis salvini voucher CH843-H07 cytochrome oxidase subunit 1 (COI) gene, partial cds; mitochondrial","650"
"172522","Andinoacara pulcher","EU888039","Andinoacara pulcher cytochrome oxidase subunit I (COI) gene, partial cds; mitochondrial","649"
"168804","Teleocichla proselytus","NA","NA","NA"
"168803","Teleocichla monogramma","GU817295","Teleocichla monogramma cytochrome oxidase subunit I (COI) gene, partial cds; mitochondrial","590"
"168802","Nannacara anomala","NA","NA","NA"
"168092","Orthochromis machadoi","NA","NA","NA"
"167929","Oreochromis mortimeri","MK497087","Oreochromis mortimeri voucher SAIAB:200479 cytochrome oxidase subunit 1 (COI) gene, partial cds; mitochondrial","683"
"167928","Oreochromis karongae","KM438532","Oreochromis karongae voucher MC_31 cytochrome oxidase subunit 1 (COI) gene, partial cds; mitochondrial","662"
"167849","Orthochromis mazimeroensis","NA","NA","NA"
"167848","Pseudosimochromis curvifrons","KU194010","Pseudosimochromis curvifrons isolate MRAC95.96.P_tag1748 cytochrome c oxidase subunit I (COI) gene, partial cds; mitochondrial","656"
"167846","Plecodus straeleni","KU194021","Plecodus straeleni isolate MRAC95.96.P_tag1373 cytochrome c oxidase subunit I (COI) gene, partial cds; mitochondrial","656"
"167844","Orthochromis polyacanthus","NA","NA","NA"
"165734","Mylochromis anaphyrmus","NA","NA","NA"
"163648","Tyrannochromis nigriventer","NA","NA","NA"
"163647","Tramitichromis variabilis","NA","NA","NA"
"163646","Tramitichromis brevis","NA","NA","NA"
"163645","Taeniolethrinops praeorbitalis","NA","NA","NA"
"163644","Taeniolethrinops laticeps","NA","NA","NA"
"163642","Sciaenochromis psammophilus","NA","NA","NA"
"163641","Rhamphochromis macrophthalmus","NA","NA","NA"
"163639","Sciaenochromis benthicola","NA","NA","NA"
"163638","Rhamphochromis esox","NA","NA","NA"
"163637","Protomelas taeniolatus","NA","NA","NA"
"163636","Pallidochromis tokolosh","NA","NA","NA"
"163630","Otopharynx speciosus","NA","NA","NA"
"163629","Lethrinops microdon","NA","NA","NA"
"163628","Lethrinops longipinnis","NA","NA","NA"
"163627","Lethrinops furcifer","NA","NA","NA"
"163626","Exochochromis anagenys","NA","NA","NA"
"163624","Diplotaxodon macrops","NA","NA","NA"
"163623","Diplotaxodon limnothrissa","NA","NA","NA"
"163621","Diplotaxodon greenwoodi","NA","NA","NA"
"163619","Dimidiochromis kiwinge","NA","NA","NA"
"163618","Copadichromis virginalis","NC_029761","Copadichromis virginalis mitochondrion, complete genome","16704"
"163617","Copadichromis quadrimaculatus","NA","NA","NA"
"163616","Copadichromis borleyi","NA","NA","NA"
"163615","Buccochromis oculatus","NA","NA","NA"
"161897","Crenicichla lepidota","MW630757","Crenicichla lepidota isolate KU:IT:605 cytochrome c oxidase subunit I (COI) gene, partial cds; mitochondrial","658"
"160802","Coptodon bemini","KX347634","Coptodon bemini cytochrome oxidase subunit I (COI) gene, partial cds; mitochondrial","605"
"160801","Oreochromis jipe","NA","NA","NA"
"160745","Oreochromis variabilis","NA","NA","NA"
"160743","Oreochromis mweruensis","NA","NA","NA"
"158894","Oreochromis andersonii","NC_037019","Oreochromis andersonii mitochondrion, complete genome","16642"
"158784","Tristramella simonis","FJ348150","Tristramella simonis voucher TS1 cytochrome oxidase subunit 1 (COI) gene, partial cds; mitochondrial","619"
"158782","Trematocara unimaculatum","NA","NA","NA"
"158780","Coptodon walteri","NA","NA","NA"
"158779","Pelmatolapia mariae","KY565240","Pelmatolapia mariae voucher T1 cytochrome oxidase subunit I (COI) gene, partial cds; mitochondrial","604"
"158778","Coptodon louka","KJ938222","Coptodon louka strain ZSM-03 cytochrome oxidase subunit I (COI) gene, partial cds; mitochondrial","651"
"158776","Heterotilapia cessiana","NA","NA","NA"
"158775","Pelmatolapia cabrae","NA","NA","NA"
"158774","Tilapia busumana","KJ938232","Tilapia busumana strain ZSM-12 cytochrome oxidase subunit I (COI) gene, partial cds; mitochondrial","674"
"158772","Tilapia brevimanus","NA","NA","NA"
"158771","Thysochromis ansorgii","MN160150","Thysochromis ansorgii isolate NIG002 cytochrome oxidase subunit 1 (COI) gene, partial cds; mitochondrial","634"
"158770","Steatocranus tinanti","NA","NA","NA"
"158769","Sarotherodon occidentalis","NA","NA","NA"
"158768","Sarotherodon caudomarginatus","NA","NA","NA"
"158767","Oreochromis schwebischi","MK074536","Oreochromis schwebischi voucher A5-36-80 cytochrome oxidase subunit 1 (COI) gene, partial cds; mitochondrial","652"
"158766","Oreochromis macrochir","NC_037020","Oreochromis macrochir mitochondrion, complete genome","16644"
"158765","Iranocichla hormuzensis","KY034434","Iranocichla hormuzensis isolate M943 cytochrome oxidase subunit 1 (COI) gene, partial cds; mitochondrial","560"
"158763","Cyclopharynx fwae","NA","NA","NA"
"158760","Benthochromis tricoti","NA","NA","NA"
"152463","Ophthalmotilapia boops","KU194081","Ophthalmotilapia boops isolate MRAC95.96.P_tag997 cytochrome c oxidase subunit I (COI) gene, partial cds; mitochondrial","656"
"143659","Stomatepia pindu","NA","NA","NA"
"143646","Stomatepia mariae","KX347633","Stomatepia mariae cytochrome oxidase subunit I (COI) gene, partial cds; mitochondrial","604"
"143624","Maylandia estherae","NA","NA","NA"
"143555","Aristochromis christyi","NA","NA","NA"
"143550","Xenotilapia ornatipinnis","NA","NA","NA"
"143546","Sarotherodon steinbachi","NA","NA","NA"
"143508","Haplochromis piceatus","NA","NA","NA"
"143507","Haplochromis ishmaeli","NA","NA","NA"
"143506","Grammatotria lemairii","KU194145","Grammatotria lemairii isolate MRAC92.81.P.869 cytochrome c oxidase subunit I (COI) gene, partial cds; mitochondrial","656"
"143505","Gnathochromis permaxillaris","NA","NA","NA"
"143503","Dimidiochromis strigatus","NA","NA","NA"
"143496","Aulonocara baenschi","NA","NA","NA"
"137558","Otopharynx brooksi","NA","NA","NA"
"137468","Apistogramma regani","NA","NA","NA"
"137415","Apistogramma caetei","NA","NA","NA"
"137276","Aulonocara jacobfreibergi","NA","NA","NA"
"137275","Nimbochromis livingstonii","NA","NA","NA"
"137273","Nimbochromis venustus","KU568943","Nimbochromis venustus voucher KW11T161 cytochrome oxidase subunit 1 (COI) gene, partial cds; mitochondrial","652"
"137271","Fossorochromis rostratus","KT715809","Fossorochromis rostratus mitochondrion, complete genome","16702"
"136868","Protomelas annectens","NA","NA","NA"
"136867","Mylochromis labidodon","NA","NA","NA"
"136863","Buccochromis atritaeniatus","NA","NA","NA"
"136862","Nimbochromis polystigma","NA","NA","NA"
"136860","Tramitichromis lituris","NA","NA","NA"
"131405","Herichthys carpintis","DQ119201","Cichlasoma carpinte cytochrome oxidase subunit I (COI) gene, partial cds; mitochondrial","590"
"131241","Cichlasoma portalegrense","NA","NA","NA"
"131240","Hypsophrys nicaraguensis","MG496165","Hypsophrys nicaraguensis voucher stri-1258 cytochrome oxidase subunit 1 (COI) gene, partial cds; mitochondrial","648"
"120229","Stigmatochromis woodi","NA","NA","NA"
"120225","Protomelas fenestratus","NA","NA","NA"
"120216","Haplochromis beadlei","NA","NA","NA"
"120215","Mylochromis lateristriga","NA","NA","NA"
"120210","Labeotropheus trewavasae","NA","NA","NA"
"120196","Haplochromis lividus","NA","NA","NA"
"120195","Haplochromis simpsoni","NA","NA","NA"
"120192","Haplochromis velifer","NA","NA","NA"
"119969","Geophagus argyrostictus","MH931690","Geophagus argyrostictus isolate 11240 cytochrome oxidase subunit I (COI) gene, partial cds; mitochondrial","434"
"119479","Herichthys labridens","HQ955834","Herichthys labridens voucher PTR59 cytochrome oxidase subunit 1 (COI) gene, partial cds; mitochondrial","619"
"113515","Cichlasoma bimaculatum","AY263863","Cichlasoma bimaculatum cytochrome c oxidase subunit I (COI) gene, partial CDS; mitochondrial gene for mitochondrial product","649"
"106584","Dimidiochromis compressiceps","KU568815","Dimidiochromis compressiceps voucher KW11T157 cytochrome oxidase subunit 1 (COI) gene, partial cds; mitochondrial","652"
"106582","Maylandia zebra","KU568914","Maylandia zebra voucher KW11T061 cytochrome oxidase subunit 1 (COI) gene, partial cds; mitochondrial","652"
"97002","Taeniacara candidi","EU888093","Taeniacara candidi cytochrome oxidase subunit I (COI) gene, partial cds; mitochondrial","649"
"96998","Petenia splendida","OR138938","Petenia splendida voucher CH843-G09 cytochrome oxidase subunit 1 (COI) gene, partial cds; mitochondrial","650"
"96994","Teleocichla cinderella","MH931764","Teleocichla cinderella isolate 10320 cytochrome oxidase subunit I (COI) gene, partial cds; mitochondrial","397"
"96991","Gymnogeophagus gymnogenys","EU888086","Gymnogeophagus gymnogenys cytochrome oxidase subunit I (COI) gene, partial cds; mitochondrial","587"
"95543","Tropheops tropheops","NA","NA","NA"
"87888","Oreochromis latilabris","NA","NA","NA"
"87887","Oreochromis ndalalani","NA","NA","NA"
"87886","Oreochromis grahami","NC_070106","Oreochromis grahami mitochondrion, complete genome","16626"
"87884","Oreochromis amphimelas","NA","NA","NA"
"85440","Astatotilapia bloyeti","NA","NA","NA"
"84390","Cribroheros bussingi","MG496120","Cribroheros bussingi voucher stri-206 cytochrome oxidase subunit 1 (COI) gene, partial cds; mitochondrial","648"
"84389","Cribroheros alfari","MG496119","Cribroheros alfari voucher stri-2129 cytochrome oxidase subunit 1 (COI) gene, partial cds; mitochondrial","648"
"81351","Retroculus xinguensis","MH931736","Retroculus xinguensis isolate 1903 cytochrome oxidase subunit I (COI) gene, partial cds; mitochondrial","435"
"81349","Gymnogeophagus labiatus","MG825014","Gymnogeophagus labiatus voucher MNLM5325 cytochrome oxidase subunit 1 (COI) gene, partial cds; mitochondrial","656"
"81347","Biotodoma wavrini","EU888075","Biotodoma wavrini cytochrome oxidase subunit I (COI) gene, partial cds; mitochondrial","587"
"81345","Aequidens michaeli","MH931539","Aequidens michaeli isolate 2038 cytochrome oxidase subunit I (COI) gene, partial cds; mitochondrial","431"
"81343","Acarichthys heckelii","OR732746","Acarichthys heckelii voucher 779_TOC cytochrome oxidase subunit 1 (COI) gene, partial cds; mitochondrial","620"
"81341","Satanoperca jurupari","OR733157","Satanoperca jurupari voucher 440_TOC cytochrome oxidase subunit 1 (COI) gene, partial cds; mitochondrial","620"
"81340","Satanoperca acuticeps","NA","NA","NA"
"81339","Geophagus brasiliensis","EU888081","Geophagus brasiliensis cytochrome oxidase subunit I (COI) gene, partial cds; mitochondrial","649"
"81338","Crenicichla regani","MH931655","Crenicichla regani isolate 104256 cytochrome oxidase subunit I (COI) gene, partial cds; mitochondrial","426"
"81337","Crenicichla lugubris","NA","NA","NA"
"81336","Cichla temensis","MH931670","Cichla temensis isolate 100336 cytochrome oxidase subunit I (COI) gene, partial cds; mitochondrial","433"
"81335","Cichla orinocensis","KF771234","Cichla orinocensis cytochrome oxidase subunit I (COI) gene, partial cds; mitochondrial","648"
"81334","Cichla monoculus","MH721192","Cichla monoculus isolate VN_HD cytochrome oxidase subunit I (COI) gene, partial cds; mitochondrial","626"
"81333","Chaetobranchus semifasciatus","JF922858","Chaetobranchus semifasciatus isolate Acara cytochrome oxidase subunit I (COI) gene, partial cds; mitochondrial","637"
"81332","Astronotus crassipinnis","GU701862","Astronotus crassipinnis voucher LBP-26684 cytochrome oxidase subunit 1 (COI) gene, partial cds; mitochondrial","652"
"80772","Paratilapia polleni","AY263887","Paratilapia polleni northwest cytochrome oxidase subunit I (COI) gene, partial cds; mitochondrial gene for mitochondrial product","649"
"77313","Haplochromis sauvagei","NA","NA","NA"
"77308","Haplochromis plagiodon","NA","NA","NA"
"77304","Haplochromis katavi","NA","NA","NA"
"74137","Uaru amphiacanthoides","DQ119220","Uaru amphiacanthoides cytochrome oxidase subunit I (COI) gene, partial cds; mitochondrial","590"
"74135","Teleocichla centrarchus","NA","NA","NA"
"74131","Pterophyllum scalare","NC_026535","Pterophyllum scalare mitochondrion, complete genome","16491"
"74129","Mikrogeophagus altispinosus","EU888090","Mikrogeophagus altispinosus cytochrome oxidase subunit I (COI) gene, partial cds; mitochondrial","587"
"74127","Mesonauta insignis","NA","NA","NA"
"74125","Laetacara curviceps","NA","NA","NA"
"74123","Hypselecara coryphaenoides","MH931713","Hypselecara coryphaenoides isolate 100684 cytochrome oxidase subunit I (COI) gene, partial cds; mitochondrial","435"
"74121","Hoplarchus psittacus","EU888105","Hoplarchus psittacus cytochrome oxidase subunit I (COI) gene, partial cds; mitochondrial","649"
"74119","Acaronia nassa","MH931597","Acaronia nassa isolate 100356 cytochrome oxidase subunit I (COI) gene, partial cds; mitochondrial","435"
"74116","Geophagus altifrons","MH931683","Geophagus altifrons isolate 2748 cytochrome oxidase subunit I (COI) gene, partial cds; mitochondrial","434"
"74115","Cichlasoma amazonarum","NA","NA","NA"
"74112","Caquetaia spectabilis","OR732852","Caquetaia spectabilis voucher 777_TOC cytochrome oxidase subunit 1 (COI) gene, partial cds; mitochondrial","620"
"74111","Amatitlania nigrofasciata","OQ991956","Amatitlania nigrofasciata voucher E_An0002 cytochrome oxidase subunit 1 (COI) gene, partial cds; mitochondrial","515"
"74108","Chaetobranchopsis orbicularis","NA","NA","NA"
"74106","Chaetobranchus flavescens","EU888034","Chaetobranchus flavescens cytochrome oxidase subunit I (COI) gene, partial cds; mitochondrial","649"
"73563","Heterochromis multidens","EU888027","Heterochromis multidens cytochrome oxidase subunit I (COI) gene, partial cds; mitochondrial","637"
"70788","Reganochromis calliurus","NA","NA","NA"
"70786","Haplotaxodon microlepis","NA","NA","NA"
"70784","Julidochromis transcriptus","NA","NA","NA"
"68046","Ophthalmotilapia nasuta","KU194075","Ophthalmotilapia nasuta isolate MRAC95.96.P_tag150 cytochrome c oxidase subunit I (COI) gene, partial cds; mitochondrial","656"
"68045","Ophthalmotilapia heterodonta","KU194076","Ophthalmotilapia heterodonta isolate MRAC92.81.P.1171 cytochrome c oxidase subunit I (COI) gene, partial cds; mitochondrial","656"
"64557","Steatocranus casuarius","NA","NA","NA"
"64555","Orthochromis malagaraziensis","NA","NA","NA"
"64553","Ctenochromis pectoralis","NA","NA","NA"
"64551","Tilapia sparrmanii","JN312238","Perciformes sp. BOLD:AAC4874 voucher HvdB-05-2010-21 cytochrome oxidase subunit 1 (COI) gene, partial cds; mitochondrial","652"
"64550","Tilapia ruweti","NA","NA","NA"
"64549","Coptodon guineensis","KJ938236","Coptodon guineensis strain Cg-7448 cytochrome oxidase subunit I (COI) gene, partial cds; mitochondrial","648"
"64548","Coptodon discolor","NA","NA","NA"
"64544","Oreochromis spilurus","NA","NA","NA"
"64543","Oreochromis malagarasi","NA","NA","NA"
"64541","Hemichromis fasciatus","PQ628659","Hemichromis fasciatus voucher MAL2.2 cytochrome oxidase subunit 1 (COI) gene, partial cds; mitochondrial","648"
"64538","Haplochromis brownae","NA","NA","NA"
"64535","Astatoreochromis straeleni","NA","NA","NA"
"64102","Cribroheros rostratus","MG496242","Cribroheros rostratus voucher stri-13826 cytochrome oxidase subunit 1 (COI) gene, partial cds; mitochondrial","648"
"64101","Cribroheros robertsoni","HQ564594","Cribroheros robertsoni voucher NEC-0138 cytochrome oxidase subunit 1 (COI) gene, partial cds; mitochondrial","652"
"64100","Cribroheros rhytisma","MG496126","Cribroheros rhytisma voucher stri-214 cytochrome oxidase subunit 1 (COI) gene, partial cds; mitochondrial","648"
"64098","Cribroheros altifrons","MG936842","Cribroheros altifrons voucher stri-18 cytochrome oxidase subunit 1 (COI) gene, partial cds; mitochondrial","648"
"63183","Tomocichla tuba","NA","NA","NA"
"63178","Parachromis loisellei","MG496182","Parachromis loisellei voucher stri-2076 cytochrome oxidase subunit 1 (COI) gene, partial cds; mitochondrial","648"
"63177","Parachromis dovii","MG496177","Parachromis dovii voucher stri-13679 cytochrome oxidase subunit 1 (COI) gene, partial cds; mitochondrial","648"
"63165","Caquetaia kraussii","GU817287","Caquetaia kraussii cytochrome oxidase subunit I (COI) gene, partial cds; mitochondrial","590"
"63162","Cichlasoma boliviense","NA","NA","NA"
"63161","Amatitlania septemfasciata","MG496075","Amatitlania septemfasciata voucher stri-1236 cytochrome oxidase subunit 1 (COI) gene, partial cds; mitochondrial","648"
"63160","Amatitlania sajica","MG496073","Amatitlania sajica voucher stri-2070 cytochrome oxidase subunit 1 (COI) gene, partial cds; mitochondrial","648"
"63156","Amatitlania myrnae","MG496066","Amatitlania myrnae voucher stri-207 cytochrome oxidase subunit 1 (COI) gene, partial cds; mitochondrial","623"
"63155","Archocentrus centrarchus","MG496081","Archocentrus centrarchus voucher stri-14445 cytochrome oxidase subunit 1 (COI) gene, partial cds; mitochondrial","648"
"63152","Cribroheros longimanus","MG496125","Cribroheros longimanus voucher stri-2134 cytochrome oxidase subunit 1 (COI) gene, partial cds; mitochondrial","648"
"63151","Cribroheros diquis","MG496121","Cribroheros diquis voucher stri-2067 cytochrome oxidase subunit 1 (COI) gene, partial cds; mitochondrial","648"
"61820","Amphilophus labiatus","JQ667490","Amphilophus labiatus voucher OM 121 cytochrome oxidase subunit 1 (COI) gene, partial cds; mitochondrial","652"
"61819","Amphilophus citrinellus","MW590989","Amphilophus citrinellus voucher BIOPH_USM02 cytochrome oxidase subunit 1 (COI) gene, partial cds; mitochondrial","655"
"61817","Cryptoheros spilurus","GU817261","Cryptoheros spilurus cytochrome oxidase subunit I (COI) gene, partial cds; mitochondrial","590"
"61805","Thorichthys meeki","OR138963","Thorichthys meeki voucher CH829-G07 cytochrome oxidase subunit 1 (COI) gene, partial cds; mitochondrial","650"
"57311","Maylandia xanstomachus","NA","NA","NA"
"57310","Pseudotropheus williamsi","NA","NA","NA"
"57309","Maylandia barlowi","NA","NA","NA"
"57308","Lethrinops gossei","NA","NA","NA"
"57307","Labeotropheus fuelleborni","NA","NA","NA"
"57305","Iodotropheus sprengerae","NA","NA","NA"
"57303","Genyochromis mento","NA","NA","NA"
"57301","Cyathochromis obliquidens","NA","NA","NA"
"52957","Spathodus marlieri","NA","NA","NA"
"52956","Spathodus erythrodon","KU194002","Spathodus erythrodon isolate MRAC92.81.P.1397 cytochrome c oxidase subunit I (COI) gene, partial cds; mitochondrial","656"
"52954","Eretmodus cyanostictus","KU194153","Eretmodus cyanostictus isolate MRAC95.96.P_tag1772 cytochrome c oxidase subunit I (COI) gene, partial cds; mitochondrial","656"
"51795","Oxylapia polli","AY263881","Oxylapia polli cytochrome oxidase subunit I (COI) gene, partial cds; mitochondrial gene for mitochondrial product","649"
"51791","Cyprichromis leptosoma","KU194160","Cyprichromis leptosoma isolate MRAC92.81.P.345 cytochrome c oxidase subunit I (COI) gene, partial cds; mitochondrial","656"
"51762","Oreochromis leucostictus","KT193495","Oreochromis leucostictus isolate T322 cytochrome c oxidase subunit I (COI) gene, partial cds; mitochondrial","651"
"51190","Haplochromis taurinus","NA","NA","NA"
"51185","Haplochromis xenognathus","NA","NA","NA"
"51172","Haplochromis nubilus","NA","NA","NA"
"50903","Serranochromis robustus","NA","NA","NA"
"50901","Ptychochromoides betsileanus","AY263882","Ptychochromoides betsileanus cytochrome oxidase subunit I (COI) gene, partial cds; mitochondrial gene for mitochondrial product","649"
"50899","Paretroplus polyactis","AY263871","Paretroplus polyactis cytochrome oxidase subunit I (COI) gene, partial cds; mitochondrial gene for mitochondrial product","649"
"50897","Labidochromis caeruleus","KU568894","Labidochromis caeruleus voucher KW11T152 cytochrome oxidase subunit 1 (COI) gene, partial cds; mitochondrial","652"
"50812","Pseudocrenilabrus multicolor","MF787219","Pseudocrenilabrus multicolor cytochrome oxidase subunit I (COI) gene, partial cds; mitochondrial","662"
"50737","Crenicichla saxatilis","NA","NA","NA"
"50735","Cichla ocellaris","MZ051740","Cichla ocellaris voucher GF15-330 cytochrome oxidase subunit 1 (COI) gene, partial cds; mitochondrial","632"
"50733","Astronotus ocellatus","KU568763","Astronotus ocellatus voucher KW12-AT037 cytochrome oxidase subunit 1 (COI) gene, partial cds; mitochondrial","652"
"50613","Sarotherodon melanotheron","PQ347553","Sarotherodon melanotheron voucher FWRI00567 cytochrome oxidase subunit 1 (COI) gene, partial cds; mitochondrial","655"
"47969","Oreochromis aureus","LC851350","Oreochromis aureus An_T1 mitochondrial COI gene for cytochrome c oxidase subunit I, partial cds","655"
"46578","Pseudosimochromis marginatus","KU194008","Pseudosimochromis marginatus isolate MRACB0.12.P_tag2296 cytochrome c oxidase subunit I (COI) gene, partial cds; mitochondrial","656"
"43689","Simochromis diagramma","KU194006","Simochromis diagramma isolate MRAC95.96.P_tag1767 cytochrome c oxidase subunit I (COI) gene, partial cds; mitochondrial","656"
"40198","Tyrannochromis macrostoma","NA","NA","NA"
"40196","Tylochromis leonensis","NA","NA","NA"
"40195","Maylandia lombardoi","KU568912","Maylandia lombardoi voucher KW11T114 cytochrome oxidase subunit 1 (COI) gene, partial cds; mitochondrial","646"
"40193","Oreochromis urolepis","KY454449","Oreochromis urolepis isolate TEA51 cytochrome oxidase subunit I (COI) gene, partial cds; mitochondrial","609"
"40191","Oreochromis esculentus","NA","NA","NA"
"40190","Neolamprologus tretocephalus","KU194084","Neolamprologus tretocephalus isolate MRAC92.81.P.1195 cytochrome c oxidase subunit I (COI) gene, partial cds; mitochondrial","656"
"40189","Neolamprologus leleupi","NA","NA","NA"
"40184","Haplochromis pyrrhocephalus","NA","NA","NA"
"40171","Astatoreochromis alluaudi","LC487109","Astatoreochromis alluaudi Aallu5 mitochondrial COI gene, cytochrome c oxidase subunit 1, partial sequence","681"
"40169","Oreochromis alcalicus","NA","NA","NA"
"36785","Melanochromis chipokae","KU568916","Melanochromis chipokae voucher KW11T156 cytochrome oxidase subunit 1 (COI) gene, partial cds; mitochondrial","646"
"35577","Mchenga thinos","NA","NA","NA"
"35576","Mchenga cyclicos","NA","NA","NA"
"35575","Mchenga conophoros","NA","NA","NA"
"35574","Mchenga eucinostomus","NA","NA","NA"
"34813","Triglachromis otostigma","NA","NA","NA"
"34811","Telmatochromis vittatus","KU193982","Telmatochromis vittatus isolate MRAC95.96.P_tag1126 cytochrome c oxidase subunit I (COI) gene, partial cds; mitochondrial","656"
"34809","Telmatochromis bifrenatus","KU193995","Telmatochromis bifrenatus isolate MRAC95.96.P_tag1343 cytochrome c oxidase subunit I (COI) gene, partial cds; mitochondrial","656"
"34808","Neolamprologus toae","KU194086","Neolamprologus toae isolate MRAC92.81.P.1310 cytochrome c oxidase subunit I (COI) gene, partial cds; mitochondrial","656"
"34807","Variabilichromis moorii","JF825855","Variabilichromis moorii isolate 9746 cytochrome oxidase subunit I (COI) gene, partial cds; mitochondrial","661"
"34806","Neolamprologus longior","KU194106","Neolamprologus longior isolate MRAC92.81.P.1201 cytochrome c oxidase subunit I (COI) gene, partial cds; mitochondrial","656"
"34805","Neolamprologus furcifer","KU194110","Neolamprologus furcifer isolate MRAC95.96.P_tag1385 cytochrome c oxidase subunit I (COI) gene, partial cds; mitochondrial","656"
"34804","Neolamprologus cylindricus","KU568941","Neolamprologus cylindricus voucher KW12-AT031 cytochrome oxidase subunit 1 (COI) gene, partial cds; mitochondrial","649"
"34803","Neolamprologus christyi","KU194114","Neolamprologus christyi isolate MRAC92.81.P.356 cytochrome c oxidase subunit I (COI) gene, partial cds; mitochondrial","656"
"34802","Neolamprologus caudopunctatus","KU194115","Neolamprologus caudopunctatus isolate MRAC95.96.P_tag1305 cytochrome c oxidase subunit I (COI) gene, partial cds; mitochondrial","656"
"34800","Neolamprologus brevis","NA","NA","NA"
"34799","Lamprologus werneri","NA","NA","NA"
"34798","Lamprologus mocquardi","KX186561","Lamprologus mocquardi isolate B4-16_1908_R_17BCRAA000_F7 cytochrome c oxidase subunit I (COI) gene, partial cds; mitochondrial","609"
"34797","Lamprologus congoensis","NA","NA","NA"
"34794","Chalinochromis brichardi","KU194177","Chalinochromis brichardi isolate MRAC95.96.P_tag2340 cytochrome c oxidase subunit I (COI) gene, partial cds; mitochondrial","656"
"34793","Altolamprologus compressiceps","KU194197","Altolamprologus compressiceps isolate MRAC92.81.P.15 cytochrome c oxidase subunit I (COI) gene, partial cds; mitochondrial","656"
"34792","Altolamprologus calvus","KU194199","Altolamprologus calvus isolate MRAC95.96.P_tag2769 cytochrome c oxidase subunit I (COI) gene, partial cds; mitochondrial","656"
"32515","Xenotilapia sima","KU193810","Xenotilapia sima isolate MRAC92.81.P.293 cytochrome c oxidase subunit I (COI) gene, partial cds; mitochondrial","656"
"32513","Tylochromis polylepis","NA","NA","NA"
"32511","Telmatochromis temporalis","KU193984","Telmatochromis temporalis isolate MRAC95.96.P_tag1161 cytochrome c oxidase subunit I (COI) gene, partial cds; mitochondrial","656"
"32509","Perissodus microlepis","KU194058","Perissodus microlepis isolate MRAC95.96.P_tag1789 cytochrome c oxidase subunit I (COI) gene, partial cds; mitochondrial","656"
"32508","Neolamprologus tetracanthus","KU194088","Neolamprologus tetracanthus isolate MRAC95.96.P_tag1361 cytochrome c oxidase subunit I (COI) gene, partial cds; mitochondrial","656"
"32507","Neolamprologus brichardi","KU194116","Neolamprologus brichardi isolate MRAC92.81.P.593 cytochrome c oxidase subunit I (COI) gene, partial cds; mitochondrial","656"
"32505","Lethrinops auritus","NA","NA","NA"
"32503","Lepidiolamprologus elongatus","KU194124","Lepidiolamprologus elongatus isolate MRAC95.96.P_tag1452 cytochrome c oxidase subunit I (COI) gene, partial cds; mitochondrial","656"
"32501","Lamprologus callipterus","KU194133","Lamprologus callipterus isolate MRAC95.96.P_tag735 cytochrome c oxidase subunit I (COI) gene, partial cds; mitochondrial","656"
"32499","Julidochromis marlieri","NA","NA","NA"
"32496","Champsochromis spilorhynchus","NA","NA","NA"
"32494","Chalinochromis popelini","AY263867","Chalinochromis popelini cytochrome c oxidase subunit I (COI) gene, partial CDS; mitochondrial gene for mitochondrial product","649"
"32492","Cardiopharynx schoutedeni","KU194179","Cardiopharynx schoutedeni isolate MRAC92.81.P.281 cytochrome c oxidase subunit I (COI) gene, partial cds; mitochondrial","656"
"32491","Callochromis macrops","KU194186","Callochromis macrops isolate MRAC92.81.P.1172 cytochrome c oxidase subunit I (COI) gene, partial cds; mitochondrial","656"
"32490","Buccochromis lepturus","NA","NA","NA"
"32488","Boulengerochromis microlepis","KU194187","Boulengerochromis microlepis isolate MRAC92.81.P.892 cytochrome c oxidase subunit I (COI) gene, partial cds; mitochondrial","656"
"30882","Cyrtocara moorii","KU568805","Cyrtocara moorii voucher KW11T148 cytochrome oxidase subunit 1 (COI) gene, partial cds; mitochondrial","652"
"29149","Protomelas similis","NA","NA","NA"
"28827","Pelvicachromis pulcher","KU568962","Pelvicachromis pulcher voucher KW11-T343 cytochrome oxidase subunit 1 (COI) gene, partial cds; mitochondrial","652"
"28822","Placidochromis milomo","KU568967","Placidochromis milomo voucher KW11T107 cytochrome oxidase subunit 1 (COI) gene, partial cds; mitochondrial","652"
"28818","Petrochromis orthognathus","KU194037","Petrochromis orthognathus isolate MRAC92.81.P.1023 cytochrome c oxidase subunit I (COI) gene, partial cds; mitochondrial","656"
"28814","Melanochromis melanopterus","NA","NA","NA"
"28813","Melanochromis simulans","NA","NA","NA"
"28811","Melanochromis heterochromis","NA","NA","NA"
"27783","Cyphotilapia frontosa","KU568799","Cyphotilapia frontosa voucher KW12-AT094 cytochrome oxidase subunit 1 (COI) gene, partial cds; mitochondrial","652"
"27781","Aulonocara hansbaenschi","NA","NA","NA"
"27765","Xenotilapia ochrogenys","KU193811","Xenotilapia ochrogenys isolate MRAC92.81.P.1169 cytochrome c oxidase subunit I (COI) gene, partial cds; mitochondrial","656"
"27763","Tanganicodus irsacae","KU193999","Tanganicodus irsacae isolate MRAC92.81.P.1258 cytochrome c oxidase subunit I (COI) gene, partial cds; mitochondrial","656"
"27757","Paracyprichromis brieni","NA","NA","NA"
"27755","Ophthalmotilapia ventralis","KU194069","Ophthalmotilapia ventralis isolate MRAC95.96.P_tag457 cytochrome c oxidase subunit I (COI) gene, partial cds; mitochondrial","656"
"27753","Xenotilapia tenuidentata","NA","NA","NA"
"27751","Melanochromis auratus","NA","NA","NA"
"27749","Limnochromis auritus","NA","NA","NA"
"27747","Lestradea perspicax","KU194122","Lestradea perspicax isolate MRAC92.81.P.271 cytochrome c oxidase subunit I (COI) gene, partial cds; mitochondrial","656"
"27743","Ectodus descampsii","KU194158","Ectodus descampsii isolate MRAC95.96.P_tag224 cytochrome c oxidase subunit I (COI) gene, partial cds; mitochondrial","656"
"27741","Cyathopharynx furcifer","KU194166","Cyathopharynx furcifer isolate MRAC95.96.P_tag139 cytochrome c oxidase subunit I (COI) gene, partial cds; mitochondrial","656"
"27739","Cunningtonia longiventralis","KU194168","Cunningtonia longiventralis isolate MRAC95.96.P_tag155 cytochrome c oxidase subunit I (COI) gene, partial cds; mitochondrial","656"
"27735","Callochromis pleurospilus","KU194182","Callochromis pleurospilus isolate MRAC92.81.P.1168 cytochrome c oxidase subunit I (COI) gene, partial cds; mitochondrial","656"
"27733","Bathybates ferox","KU194190","Bathybates ferox isolate MRAC92.81.P.295 cytochrome c oxidase subunit I (COI) gene, partial cds; mitochondrial","656"
"27731","Aulonocranus dewindti","KU194195","Aulonocranus dewindti isolate MRAC95.96.P_tag267 cytochrome c oxidase subunit I (COI) gene, partial cds; mitochondrial","656"
"13074","Geophagus steindachneri","MN563599","Geophagus steindachneri voucher 755_MA cytochrome oxidase subunit 1 (COI) gene, partial cds; mitochondrial","534"
"8156","Pseudosimochromis babaulti","KU194018","Pseudosimochromis babaulti isolate MRAC95.96.P_tag1315 cytochrome c oxidase subunit I (COI) gene, partial cds; mitochondrial","656"
"8154","Astatotilapia calliptera","NA","NA","NA"
"8151","Tropheus polli","KF205365","Tropheus polli cytochrome c oxidase subunit I (COI) gene, partial cds; mitochondrial","656"
"8150","Tropheus moorii","KU193898","Tropheus moorii isolate MRAC95.96.P_tag1897 cytochrome c oxidase subunit I (COI) gene, partial cds; mitochondrial","656"
"8149","Tropheus kasabae","NA","NA","NA"
"8148","Tropheus duboisi","KU193924","Tropheus duboisi isolate MRACB0.12.P.7-tag814 cytochrome c oxidase subunit I (COI) gene, partial cds; mitochondrial","656"
"8147","Tropheus brichardi","KU193964","Tropheus brichardi isolate MRAC92.81.P.577 cytochrome c oxidase subunit I (COI) gene, partial cds; mitochondrial","656"
"8146","Tropheus annectens","KU193979","Tropheus annectens isolate MRACB0.12.P_tag1172 cytochrome c oxidase subunit I (COI) gene, partial cds; mitochondrial","656"
"8144","Sarotherodon galilaeus","OQ992147","Sarotherodon galilaeus voucher Sa.ga0004 cytochrome oxidase subunit 1 (COI) gene, partial cds; mitochondrial","481"
"8142","Oreochromis tanganicae","KU194060","Oreochromis tanganicae isolate MRAC95.96.P_tag2284 cytochrome c oxidase subunit I (COI) gene, partial cds; mitochondrial","656"
"8141","Oreochromis placidus","MK497072","Oreochromis placidus voucher SAIAB:97333 cytochrome oxidase subunit 1 (COI) gene, partial cds; mitochondrial","683"
"8130","Coptodon zillii","OQ992029","Coptodon zillii voucher Co.zi0005 cytochrome oxidase subunit 1 (COI) gene, partial cds; mitochondrial","518"
"8129","Coptodon rendalli","KU193980","Coptodon rendalli isolate MRAC92.81.P.873 cytochrome c oxidase subunit I (COI) gene, partial cds; mitochondrial","656"
"8128","Oreochromis niloticus","OR148151","Oreochromis niloticus voucher PHK15 cytochrome oxidase subunit 1 (COI) gene, partial cds; mitochondrial","665"
"8127","Oreochromis mossambicus","MW591123","Oreochromis mossambicus voucher BIOPH_PS213 cytochrome oxidase subunit 1 (COI) gene, partial cds; mitochondrial","655"
"8125","Julidochromis regani","KU194137","Julidochromis regani isolate MRAC92.81.P.650 cytochrome c oxidase subunit I (COI) gene, partial cds; mitochondrial","656"
"8117","Herichthys cyanoguttatus","HQ573180","Herichthys cyanoguttatus voucher MXIV0303 cytochrome oxidase subunit 1 (COI) gene, partial cds; mitochondrial","584"
